url,titulo,descricao,categoria,data,grupo,grupo3,texto_limpo,n_tokens,n_unicos,topico_lda
https://motor1.uol.com.br/news/796755/novos-rivais-brasil-byd-dolphin/,BYD Dolphin: os novos elétricos que podem ameaçar ainda mais seu domínio no Brasil,"GAC, MG, DFM e Arcfox apostam em preço, autonomia e mais espaço para disputar o segmento que já tem forte presença do Geely EX2 e do BYD Dolphin.",Análise,2026-05-24T15:00:00+00:00,Elétrico,Elétrico,byd dolphin novos eletricos podem ameacar ainda dominio gac dfm arcfox apostam autonomia espaco disputar segmento forte presenca geely byd dolphin,21,19,4
https://motor1.uol.com.br/news/796498/vendas-reino-unido-carros-abril/,Omoda 5 entra no top 10 britânico em mês de forte alta para elétricos,"Ford Puma lidera, mas o grande destaque do mercado britânico é a chegada inédita do Omoda 5 entre os carros mais vendidos. ",Análise,2026-05-24T12:00:00+00:00,Elétrico,Elétrico,omoda entra top britanico mes forte alta eletricos ford puma lidera grande destaque britanico chegada inedita omoda vendidos,18,16,4
https://motor1.uol.com.br/news/796725/citroen-2cv-retorno-eletrico-barato/,O Citroën 2CV está quase pronto para voltar: eis sua primeira imagem,"O lendário Citroën 2CV está de volta. Inspirado no Renault 5, compacto neo-retrô elétrico será feito na Itália e deve custar cerca de 15 mil euros.",Análise,2026-05-23T15:00:00+00:00,Elétrico,Elétrico,citroen quase pronto voltar eis primeira imagem lendario citroen volta inspirado renault compacto neo retro eletrico feito italia deve custar cerca mil euros,23,22,4
https://motor1.uol.com.br/news/796489/vendas-carros-abril-novos-it%C3%A1lia/,"Avenger, próximo lançamento da Jeep no Brasil, é o 2º mais vendido na Itália em abril","Jeep Avenger garante o segundo lugar nas vendas da Itália em abril. Próximo SUV nacional da marca se destaca em mercado europeu que cresceu 11,6%.",Análise,2026-05-23T13:00:00+00:00,Geral,Geral,avenger proximo lancamento jeep vendido italia abril jeep avenger garante segundo lugar italia abril proximo suv nacional destaca europeu cresceu,20,15,2
https://motor1.uol.com.br/news/796750/analise-guerra-potencia-eletricos-chineses/,A guerra dos 1.000 cv: quando potência vira vitrine,"Números impressionantes de potência se tornaram armas para uma guerra fria automotiva, principalmente entre os chineses.",Análise,2026-05-23T11:00:00+00:00,Geral,Geral,guerra potencia vira vitrine numeros impressionantes potencia tornaram armas guerra fria automotiva principalmente chineses,14,12,3
https://motor1.uol.com.br/news/796764/citroen-promocao-basalt-c3-uber/,Citroën tem C3 e Basalt partindo de R$ 65 mil em promoção para Uber e táxi,Marca aproveita a esteira do Programa Move Brasil e faz ação com seus modelos de entrada; condições são válidas para táxi e motoristas de aplicativo.,Análise,2026-05-22T21:00:00+00:00,Geral,Geral,citroen basalt partindo mil promocao uber taxi aproveita esteira programa move faz acao entrada condicoes validas taxi motoristas aplicativo,19,18,5
https://motor1.uol.com.br/news/796745/stellantis-confirma-novas-toro-rampage/,Oficial: novas Fiat Toro e Ram Rampage crescerão e poderão ser híbridas,"Stellantis confirma nova geração da Fiat Toro e da Ram Rampage com plataforma STLA Medium, mais tecnologia e foco em multi-energia.",Análise,2026-05-22T20:00:00+00:00,Geral,Geral,oficial novas fiat toro ram rampage crescerao poderao hibridas stellantis confirma geracao fiat toro ram rampage plataforma stla medium tecnologia foco multi energia,23,19,5
https://motor1.uol.com.br/news/796756/bmw-m1000rr-isle-man-tt/,BMW M 1000 RR ganha edição limitada Isle of Man TT de 115 unidades,Série especial da moto mais esportiva da marca celebra os 115 anos da mítica e perigosa prova de rua com pintura exclusiva e detalhes em fibra de carbono.,Análise,2026-05-22T18:30:00+00:00,Geral,Geral,bmw ganha edicao limitada isle man serie especial moto esportiva celebra anos mitica perigosa prova rua pintura exclusiva detalhes fibra carbono,21,21,3
https://motor1.uol.com.br/news/796754/gwm-fabrica-brasil-10-mil/,GWM já produziu 10.000 carros em Iracemápolis (SP) e terá segunda fábrica ,"Hoje fazendo o Haval H6 em Iracemápolis, fabricante chinesa planeja segunda fábrica e quer Ora 5 nacional em breve.",Análise,2026-05-22T17:40:36+00:00,Geral,Geral,gwm produziu iracemapolis segunda fabrica hoje fazendo haval iracemapolis fabricante chinesa planeja segunda fabrica quer ora nacional breve,18,15,3
https://motor1.uol.com.br/news/796729/flagra-jaecoo-5-hibrido-brasil/,Flagra: Jaecoo 5 Hybrid já está desembarcando no Brasil e custará menos de R$ 160 mil,"Novo SUV da Omoda & Jaecoo, Jaecoo 5 Hybrid atuará como opção mais barata da empresa e pode custar menos de R$ 160 mil.",Análise,2026-05-22T14:28:39+00:00,Geral,Geral,flagra jaecoo hybrid desembarcando custara menos mil suv omoda jaecoo jaecoo hybrid atuara opcao barata empresa custar menos mil,19,14,4
https://motor1.uol.com.br/news/796723/honda-lanca-novo-city-india/,"Novo Honda City 2027 tem cara de esportivo, mais tecnologias e híbrido","Apresentado na Índia, novo Honda City 2027 antecipa mudanças de meia-vida que devem chegar em breve ao Brasil, incluindo novos equipamentos de segurança.",Análise,2026-05-22T14:10:33+00:00,Elétrico,Elétrico,honda city cara esportivo tecnologias hibrido apresentado india honda city antecipa mudancas meia vida devem chegar breve incluindo novos equipamentos seguranca,21,19,3
https://motor1.uol.com.br/news/796722/stellantis-novos-hibridos-plenos-2030/,"Stellantis terá 24 carros híbridos plenos até 2030 entre Jeep, Fiat e demais marcas","Até o fim da década, o Grupo Stellantis terá novos modelos de carros totalmente híbridos, algo que não fez até agora entre as marcas Fiat, Jeep, Ram e mais.",Análise,2026-05-22T14:01:14+00:00,Geral,Geral,stellantis hibridos plenos jeep fiat demais fim decada grupo stellantis novos totalmente hibridos algo fez agora fiat jeep ram,19,15,5
https://motor1.uol.com.br/news/796657/oficial-novos-fiat-strada-pulse/,"Além do Argo: Fiat terá novos Fastback, Pulse, Strada e SUV de 7 lugares",A Fiat prepara uma ofensiva pesada até 2030: três novos SUVs inéditos e a nova geração da Strada usarão a plataforma Smart Car do novo Argo.,Análise,2026-05-22T11:00:00+00:00,Geral,Geral,alem argo fiat novos fastback pulse strada suv lugares fiat prepara ofensiva pesada tres novos suvs ineditos geracao strada usarao plataforma smart car argo,24,20,3
https://motor1.uol.com.br/news/796661/flagra-dongfeng-dfm-box-brasil/,"Flagra: Anti-Dolphin da Dongfeng, DFM Box acelera testes no Brasil",Elétrico da chinesa pode chegar já em agosto mirando em Geely EX2 em Dolphin Mini entre as opções mais acessíveis.,Análise,2026-05-22T10:00:00+00:00,Elétrico,Elétrico,flagra anti dolphin dongfeng dfm box acelera testes eletrico chinesa chegar agosto mirando geely dolphin mini opcoes acessiveis,18,17,2
https://motor1.uol.com.br/news/796660/cadillac-volta-brasil-tres-lojas/,"Cadillac volta ao Brasil com lojas em São Paulo, Curitiba e Brasília",A Cadillac prepara seu retorno oficial ao mercado de luxo brasileiro ainda este ano. Rede inicial já está definida e operação terá apenas SUVs elétricos.,Análise,2026-05-21T20:06:35+00:00,Elétrico,Elétrico,cadillac volta lojas paulo curitiba brasilia cadillac prepara retorno oficial luxo brasileiro ainda rede inicial definida operacao apenas suvs eletricos,20,19,4
https://motor1.uol.com.br/news/796652/jeep-renegade-compass-commander-plataforma/,Jeep prepara renovação total no Brasil; híbridos ganham força,"Novas gerações do SUVs foram confirmadas pelos planos estratégicos do Grupo Stellantis, podendo usar sistema híbrido pleno.",Análise,2026-05-21T18:42:26+00:00,Elétrico,Elétrico,jeep prepara renovacao total hibridos ganham forca novas geracoes suvs confirmadas planos estrategicos grupo stellantis podendo usar sistema hibrido pleno,20,20,4
https://motor1.uol.com.br/news/796651/fiat-confirma-nome-argo-brasil/,"Fiat encerra rumores e confirma nome do novo Argo, que chega em 2026","Rompendo tradições, a Fiat manterá o nome Argo na nova geração com base de C3; Veja as dimensões do modelo e como o antigo assumirá o posto de Mille na linha.",Análise,2026-05-21T18:09:03+00:00,Geral,Geral,fiat encerra rumores confirma nome argo chega rompendo tradicoes fiat mantera nome argo geracao base dimensoes antigo assumira posto mille linha,21,18,3
https://motor1.uol.com.br/news/796610/ram-1500-rumble-bee-787cv/,Nova Ram 1500 Rumble Bee é um 'Charger com caçamba' de até 787 cv,"Apostando mais no emocional, Ram criou nova versão esportiva para a 1500 que é quase um Charger com caçamba; saibao que muda.",Análise,2026-05-21T17:00:00+00:00,Geral,Geral,ram rumble bee charger cacamba apostando emocional ram criou esportiva quase charger cacamba saibao muda,15,12,5
https://motor1.uol.com.br/news/796618/chevrolet-sonic-2027-14mil-vendidos/,Novo Chevrolet Sonic 2027 vendeu 14 mil unidades em duas semanas,"Feito em Gravataí (RS), o Chevrolet Sonic vendeu 14 mil unidades em apenas 15 dias; conheça os preços, versões e detalhes do novo SUV derivado do Onix.",Análise,2026-05-21T16:00:00+00:00,Geral,Geral,chevrolet sonic vendeu mil duas semanas feito gravatai chevrolet sonic vendeu mil apenas dias conheca detalhes suv derivado onix,19,15,3
https://motor1.uol.com.br/news/796615/fiat-revela-novos-pulse-fastback/,"Fiat revela os futuros Pulse e Fastback, que terão opções híbridas e até 7 lugares",Os novos Fiat Grizzly e Grizzly Fastback serão fabricados no Marrocos e serão desenvolvidos com base na plataforma Smart Car,Análise,2026-05-21T15:39:54+00:00,Geral,Geral,fiat revela futuros pulse fastback opcoes hibridas lugares novos fiat grizzly grizzly fastback fabricados marrocos desenvolvidos base plataforma smart car,20,17,3
https://motor1.uol.com.br/news/796496/omoda-5-corolla-cross-vendas/,Omoda 5 HEV passa Toyota Corolla Cross híbrido em maio,SUV chinês mostrou dominância enquanto o mercado compra mais carros eletrificados; os dados são da Bright Consulting,Análise,2026-05-21T11:00:00+00:00,Elétrico,Elétrico,omoda hev passa toyota corolla cross hibrido maio suv chines mostrou dominancia enquanto compra eletrificados dados bright consulting,18,18,2
https://motor1.uol.com.br/news/796492/jaecoo-7-mais-barato-esgota/,"Jaecoo 7 Elite, versão mais barata do SUV híbrido, esgota pré-venda em 2 dias","Nova configuração mais em conta do Jaecoo 7 PHEV, a Elite, acabou com o primeiro lote num final de semana; veja o que ela oferece.",Análise,2026-05-21T10:00:00+00:00,Elétrico,Elétrico,jaecoo elite barata suv hibrido esgota pre dias configuracao conta jaecoo phev elite acabou primeiro lote final semana oferece,19,17,2
https://motor1.uol.com.br/news/796490/stellantis-jlr-acordo-colaboracao/,O que Stellantis e Jaguar Land Rover podem ganhar com nova parceria?,A Stellantis e a Jaguar Land Rover assinaram um memorando de entendimento para desenvolver automóveis e tecnologias para o mercado norte-americano.,Análise,2026-05-20T19:32:32+00:00,Geral,Geral,stellantis jaguar land rover podem ganhar parceria stellantis jaguar land rover assinaram memorando entendimento desenvolver automoveis tecnologias norte americano,19,15,2
https://motor1.uol.com.br/news/796479/novo-mercedes-amg-gt-eletrico/,Novo Mercedes-AMG GT 4 Door Coupé é elétrico com mais de 1.100 cv,"O carro-chefe da Mercedes-AMG, o GT 4 Door Coupé, troca o motor a combustão por uma bateria de grande capacidade para entregar mais de 1.100 cv.",Análise,2026-05-20T18:38:16+00:00,Elétrico,Elétrico,mercedes amg door coupe eletrico chefe mercedes amg door coupe troca combustao bateria grande capacidade entregar,16,12,1
https://motor1.uol.com.br/news/796453/argentina-sobreposicao-precos-impostos-carros/,VW tem Nivus mais barato que Polo Track na Argentina após redução de impostos,Mudanças no 'imposto de luxo' de Javier Milei e a trava dos consórcios locais criam sobreposição bizarra na tabela da Volkswagen na Argentina.,Análise,2026-05-20T16:00:00+00:00,Geral,Geral,nivus barato polo track argentina apos reducao impostos mudancas imposto luxo javier milei trava consorcios locais criam sobreposicao bizarra tabela volkswagen argentina,22,21,5
https://motor1.uol.com.br/news/796444/jeep-fiat-produzira-chineses-europa/,Stellantis usará chinesa Dongfeng para acelerar produção de carros elétricos,"Grupo Stellantis fecha parceria com a chinesa para produção e comercialização da marca premium Voyah, contornando barreiras tarifárias.",Análise,2026-05-20T14:08:58+00:00,Elétrico,Elétrico,stellantis usara chinesa dongfeng acelerar producao eletricos grupo stellantis fecha parceria chinesa producao comercializacao premium voyah contornando barreiras tarifarias,19,16,3
https://motor1.uol.com.br/news/796356/brabus-bodo-hiper-gt-alemao/,Brabus Bodo: novo hiper-GT alemão tem motor V12 e base de Aston Martin,"Homenagem ao fundador da preparadora, Brabus Bodo terá apenas 77 unidades. Modelo traz carroceria de carbono, rodas de 21'' e motor V12 de 360 km/h.",Análise,2026-05-20T11:00:00+00:00,Geral,Geral,brabus bodo hiper alemao base aston martin homenagem fundador preparadora brabus bodo apenas traz carroceria carbono rodas,17,15,3
https://motor1.uol.com.br/news/796364/dongfeng-nome-dfm-brasil/,Chinesa DongFeng mudará nome e terá ,Nova marca chinesa adotará a sigla DFM no mercado brasileiro e planeja lançar um hatch elétrico na faixa de R$ 120 mil para brigar com rivais.,Análise,2026-05-20T10:00:00+00:00,Elétrico,Elétrico,chinesa dongfeng mudara nome chinesa adotara sigla dfm brasileiro planeja lancar hatch eletrico faixa mil brigar rivais,17,16,3
https://motor1.uol.com.br/news/796366/governo-subsidio-carro-novo-app/,Motoristas de app já podem financiar carro com juros abaixo de 1%; veja regras,"Programa Move Brasil está em vigor com R$ 30 bilhões para financiar modelos flex, elétricos e híbridos de até R$ 150 mil. Veja como se cadastrar.",Análise,2026-05-20T01:31:36+00:00,Misto/Híbrido,Combustão/Híbrido,motoristas app podem financiar juros abaixo regras programa move vigor bilhoes financiar flex eletricos hibridos mil cadastrar,17,16,4
https://motor1.uol.com.br/news/796319/bmw-serie-1-versao-eletrica/,Novo BMW Série 1 ganhará versão elétrica com tração traseira em 2028,A próxima geração do BMW Série 1 está recebendo uma versão elétrica dedicada baseada na plataforma Neue Klasse.,Análise,2026-05-19T20:54:05+00:00,Elétrico,Elétrico,bmw serie ganhara eletrica tracao traseira proxima geracao bmw serie recebendo eletrica dedicada baseada plataforma neue klasse,17,14,5
https://motor1.uol.com.br/news/796339/fiat-planos-sucessor-mobi-europa/,Resposta aos chineses? Fiat anuncia planos do sucessor elétrico do Mobi,"Chamado de projeto E-Car, modelo terá truques de kei car para rivalizar com elétricos chineses como BYD Dolphin Mini e Geely EX2.",Análise,2026-05-19T19:54:51+00:00,Elétrico,Elétrico,resposta chineses fiat anuncia planos sucessor eletrico mobi chamado projeto car truques kei car rivalizar eletricos chineses byd dolphin mini geely,21,19,3
https://motor1.uol.com.br/news/796352/bmw-revela-futuro-alpina-conceito/,"BMW revela futuro da divisão Alpina, com V8 e sem limitador ",Nova fase da Alpina terá modelos acima dos M Performance e quer manter tradição do luxo e esportividade pelo qual ficou conhecida.,Análise,2026-05-19T18:47:48+00:00,Geral,Geral,bmw revela futuro divisao alpina limitador fase alpina acima performance quer manter tradicao luxo esportividade ficou conhecida,17,16,2
https://motor1.uol.com.br/news/796315/vw-golf-gti-segundo-lote/,VW Golf GTI tem mais um lote e novas cores por R$ 7.900,Primeiro lote do VW Golf GTI foi aberto em setembro do ano passado e esgotou rapidamente; novas pinturas acrescentam R$ 7.900 ao preço,Análise,2026-05-19T15:53:12+00:00,Geral,Geral,golf gti lote novas cores primeiro lote golf gti aberto setembro passado esgotou rapidamente novas pinturas acrescentam,17,13,1
https://motor1.uol.com.br/news/796312/segredo-jeep-cherokee-2028-registro/,Novo Jeep Cherokee híbrido é registrado no Brasil e deve chegar importado do México,"SUV que fez fama da Jeep por aqui, Cherokee pode retornar em breve; nova geração surgiu em 2025 e é só híbrida.",Análise,2026-05-19T14:57:27+00:00,Elétrico,Elétrico,jeep cherokee hibrido registrado deve chegar importado mexico suv fez fama jeep aqui cherokee retornar breve geracao surgiu hibrida,19,17,3
https://motor1.uol.com.br/news/796237/aumento-pena-morte-transito-camara/,Motorista que matar no trânsito pode ficar 10 anos sem CNH; entenda proposta,"Texto aprovado na Câmara endurece punições para homicídio culposo, elevando a 10 anos o tempo de suspensão do direito de dirigir.",Análise,2026-05-19T12:00:00+00:00,Geral,Geral,motorista matar transito ficar anos cnh entenda proposta texto aprovado camara endurece punicoes homicidio culposo elevando anos tempo suspensao direito dirigir,21,20,4
https://motor1.uol.com.br/news/796236/bmw-m3-despedida-cambio-manual/,BMW M3 CS se despedirá com série limitada e câmbio manual,"Já tendo apresentado o I3, geração atual do Série 3 começa a se despedir com chave de ouro; série será limitada e focada na América do Norte.",Análise,2026-05-19T11:00:00+00:00,Combustão,Combustão/Híbrido,bmw despedira serie limitada cambio manual tendo apresentado geracao atual serie comeca despedir chave ouro serie limitada focada america norte,20,17,5
https://motor1.uol.com.br/news/796206/vw-planos-picape-suvs-hibridos/,Nova VW Tukan abrirá nova fase da marca no Brasil com mais picapes e SUVs híbridos,"Volkswagen investirá em modelos híbridos leves, plenos e novos SUVs até o fim da década; saiba o que esperar.",Análise,2026-05-19T10:00:00+00:00,Geral,Geral,tukan abrira fase picapes suvs hibridos volkswagen investira hibridos leves plenos novos suvs fim decada saiba esperar,17,15,2
https://motor1.uol.com.br/news/796234/novo-lada-niva-2028/,"Lada registra um novo Niva, que pode chegar até 2028",Patente mostra uma evolução do lendário jipe soviético; Lada Niva segue na mesma geração desde a década de 1970.,Análise,2026-05-18T21:10:37+00:00,Geral,Geral,lada registra niva chegar patente mostra evolucao lendario jipe sovietico lada niva segue mesma geracao desde decada,17,15,2
https://motor1.uol.com.br/news/796230/o-logan-que-correu-nurburgring/,"Logan, o vencedor moral das 24 Horas de Nürburgring de 2026","Contra todas as expectativas, sedã romeno teve seu dia de Herbie nas pistas, correndo até com Verstappen",Análise,2026-05-18T19:53:00+00:00,Geral,Geral,logan vencedor moral horas nurburgring contra todas expectativas seda romeno dia herbie pistas correndo verstappen,15,15,1
https://motor1.uol.com.br/news/796224/vw-tukan-o-que-sabemos/,Nova VW Tukan: tudo o que já sabemos da nova anti-Toro da marca,"Sistema híbrido, suspensão por eixo rígido e freios a tambor; confira o que a Volkswagen já deixou escapar sobre a Tukan.",Análise,2026-05-18T18:53:38+00:00,Elétrico,Elétrico,tukan tudo sabemos anti toro sistema hibrido suspensao eixo rigido freios tambor confira volkswagen deixou escapar sobre tukan,18,17,2
https://motor1.uol.com.br/news/796171/picape-vw-tukan-revelacao-selecao/,Nova VW Tukan aparece na convocação da Seleção Brasileira para a Copa do Mundo,Volkswagen mostra Tukan antes do técnico Carlo Ancelotti anunciar convocados para a Copa do Mundo; futura picape nacional terá eixo rígido com feixe de molas.,Análise,2026-05-18T16:17:58+00:00,Geral,Geral,tukan aparece convocacao selecao brasileira copa mundo volkswagen mostra tukan antes tecnico carlo ancelotti anunciar convocados copa mundo futura picape nacional eixo rigido feixe molas,25,22,2
https://motor1.uol.com.br/news/796191/ford-plano-7-novos-carros/,Ford anuncia plano para lançar 7 novos carros com ajuda da Renault,"Ford aposta na Europa com 7 novos modelos, incluindo vans elétricas, SUVs e picapes de alta potência, complementados por serviços digitais.
",Análise,2026-05-18T14:30:05+00:00,Elétrico,Elétrico,ford anuncia plano lancar novos ajuda renault ford aposta europa novos incluindo vans eletricas suvs picapes alta potencia complementados servicos digitais,21,19,3
https://motor1.uol.com.br/news/796174/chevrolet-tracker-2027-preco-versoes/,Novo Chevrolet Tracker 2027 fica mais equipado para se afastar do Sonic ,"SUV compacto passou a ter mesmos itens de segurança do Sonic, mas deixou sistema híbrido leve para depois.",Análise,2026-05-18T13:55:09+00:00,Elétrico,Elétrico,chevrolet tracker fica equipado afastar sonic suv compacto passou mesmos itens seguranca sonic deixou sistema hibrido leve,17,16,2
https://motor1.uol.com.br/news/796172/renault-niagara-nome-data-confirmados/,Renault Niagara será a nova picape anti-Toro com revelação em setembro,"Nova picape intermediária, Renault Niagara deve usar o SUV Boreal como base chegará primeiro à Argentina.",Análise,2026-05-18T13:14:09+00:00,Geral,Geral,renault niagara picape anti toro revelacao setembro picape intermediaria renault niagara deve usar suv boreal base chegara primeiro argentina,19,16,5
https://motor1.uol.com.br/news/796098/ranking-vendas-china-abril-byd/,China em abril: Geely EX2 é o carro mais vendido; BYD cai 38%,"Num mercado que não teve um mês sequer de crescimento em 2026, China vê Geely EX2 liderar, BYD derreter e modelos da Xiaomi e da Leapmotor se destacarem.",Análise,2026-05-18T13:00:00+00:00,Elétrico,Elétrico,china abril geely vendido byd cai mes sequer crescimento china geely liderar byd derreter xiaomi leapmotor destacarem,17,14,4
https://motor1.uol.com.br/news/796045/edays-2026-test-drive-eletrificados/,E-Days 2026 terá test-drives com veículos eletrificados e reforça o “E” de Experience,"Evento amplia sua proposta ao incorporar experiências práticas com híbridos e elétricos, aproximando o público das tecnologias que estão redefinindo a mobilidade",Análise,2026-05-18T11:00:00+00:00,Elétrico,Elétrico,days test drives veiculos eletrificados reforca experience evento amplia proposta incorporar experiencias praticas hibridos eletricos aproximando publico tecnologias redefinindo mobilidade,20,20,4
https://motor1.uol.com.br/news/796007/lista-novos-carros-brasil-2026/,"Sucessor do Argo, picape da BYD e novos SUVs: o que as marcas ainda preparam para 2026?",Reunimos de A a Z os carros confirmados e flagrados em testes para Brasil que chegam antes do final de 2026. ,Análise,2026-05-18T10:00:00+00:00,Elétrico,Elétrico,sucessor argo picape byd novos suvs ainda preparam reunimos confirmados flagrados testes chegam antes final,15,15,1
https://motor1.uol.com.br/news/796051/tesla-fim-model-s-robos/,Tesla mira nos robôs e tira de linha os Model S e X,As últimas unidades do Model X e do Model S saíram da linha de montagem na última semana e marcam o fim de uma era para a Tesla.,Análise,2026-05-17T14:00:00+00:00,Elétrico,Elétrico,tesla mira robos tira linha model ultimas model model sairam linha montagem ultima semana marcam fim tesla,17,13,2
https://motor1.uol.com.br/news/796033/honda-hrv-wrv-civic-hrc/,"Honda HR-V, WR-V e Civic ganharão linha esportiva de grife",Honda confirma expansão de modelos HRC e indica estratégia para levar sua tradição no automobilismo aos carros de rua.,Análise,2026-05-17T13:00:00+00:00,Geral,Geral,honda civic ganharao linha esportiva grife honda confirma expansao hrc indica estrategia levar tradicao automobilismo rua,16,15,3
https://motor1.uol.com.br/news/796049/montadoras-voltam-atras-hibridos-mundo/,Carros híbridos voltam a fazer parte da estratégia das montadoras; entenda,"Para fugir das baixas margens dos elétricos puros, grupos como VW, Toyota e Honda apostam em plataformas flexíveis com motores térmicos e híbridos.",Análise,2026-05-17T12:00:00+00:00,Elétrico,Elétrico,hibridos voltam fazer parte estrategia montadoras entenda fugir baixas margens eletricos puros grupos toyota honda apostam plataformas flexiveis motores termicos hibridos,21,20,4
https://motor1.uol.com.br/news/796076/vendas-maio-parcial-byd-toyota/,Veja quais são os carros mais vendidos do Brasil em maio até agora,"Fiat Strada segue na liderança, mas BYD Dolphin Mini estreia no Top 5 e Toyota Yaris Cross surpreende no ranking da quinzena",Análise,2026-05-16T16:00:00+00:00,Elétrico,Elétrico,quais vendidos maio agora fiat strada segue lideranca byd dolphin mini estreia top toyota yaris cross surpreende ranking quinzena,19,19,2
https://motor1.uol.com.br/news/796043/honda-motos-salvando-carros/,CG pagando a conta do Civic? Motos da Honda irão conter prejuízo da marca,As vendas em alta da divisão de duas rodas da Honda em todo o mundo podem ajudar a marca a se recuperar do maior prejuízo de sua história.,Análise,2026-05-16T15:00:00+00:00,Geral,Geral,pagando conta civic motos honda irao conter prejuizo alta divisao duas rodas honda todo mundo podem ajudar recuperar maior prejuizo historia,21,19,3
https://motor1.uol.com.br/news/796017/byd-dolphin-g-rival-golf/,Dolphin G será 1º BYD feito para Europa e mira no Golf PHEV,A BYD muda de estratégia e cria um hatch híbrido plug-in sob medida para as ruas apertadas da Europa. Ele será diferente dos dois elétricos oferecidos hoje.,Análise,2026-05-15T21:00:00+00:00,Elétrico,Elétrico,dolphin byd feito europa mira golf phev byd muda estrategia cria hatch hibrido plug sob medida ruas apertadas europa diferente dois eletricos oferecidos hoje,24,22,4
https://motor1.uol.com.br/news/796061/chevrolet-sonic-2027-precos/,"Chevrolet Sonic 2027 mantém preços de lançamento, mas passa de R$ 140 mil sem promoção","Chevrolet confirma que manterá preços promocionais de lançamento do Sonic 2027, mas valores cheios podem passar de R$ 140 mil.",Análise,2026-05-15T20:46:58+00:00,Geral,Geral,chevrolet sonic mantem lancamento passa mil promocao chevrolet confirma mantera promocionais lancamento sonic valores cheios podem passar mil,18,14,4
https://motor1.uol.com.br/news/796055/segredo-hyundai-bayon-rodando-brasil/,EXCLUSIVO: novo Hyundai Bayon já iniciou testes no Brasil,"Modelo faz parte do plano de R$ 1,1 bilhão da marca no país e será produzido em Piracicaba (SP) ao lado do i20; Veja a estratégia de produção nacional da marca.",Análise,2026-05-15T20:15:37+00:00,Geral,Geral,exclusivo hyundai bayon iniciou testes faz parte plano bilhao pais produzido piracicaba lado estrategia producao nacional,16,16,4
https://motor1.uol.com.br/news/796010/stellantis-dongfeng-jeep-china-exportacao/,Stellantis fabricará Jeep na China com a Dongfeng para exportação,Grupo prepara SUVs eletrificados globais da Jeep com tecnologia chinesa e investimento bilionário para vender fora da China.,Análise,2026-05-15T20:00:00+00:00,Geral,Geral,stellantis fabricara jeep china dongfeng exportacao grupo prepara suvs eletrificados globais jeep tecnologia chinesa investimento bilionario vender china,18,16,4
https://motor1.uol.com.br/news/796031/ford-maverick-perde-cores-brasil/,Ford Maverick está menos colorida em todas as versões; entenda ,"Conhecida pela sua diversidade de cores, a picape Ford Maverick passa a ter menos opções de tons disponíveis; marca focará em branco, cinza e preto.",Análise,2026-05-15T19:00:00+00:00,Geral,Geral,ford maverick menos colorida todas entenda conhecida diversidade cores picape ford maverick passa menos opcoes tons disponiveis focara branco cinza preto,21,18,4
https://motor1.uol.com.br/news/796025/honda-hrv-nova-geracao-hibrida/,Honda HR-V vai ser híbrido na próxima geração e chega em 2028,"Honda HR-V vai ser híbrido na próxima geração para tirar marca do prejuízo, ganhando versão aventureira antes disso.",Análise,2026-05-15T18:00:00+00:00,Elétrico,Elétrico,honda hibrido proxima geracao chega honda hibrido proxima geracao tirar prejuizo ganhando aventureira antes disso,15,11,3
https://motor1.uol.com.br/news/795920/novo-bmw-m135-preco-motor-impress%C3%B5es/,"Aceleramos: BMW M135 chega com preço de Golf GTI, mas com 317 cv e tração integral","Hatch da marca bávara aposta na tradição, com motor 2.0 twinturbo a gasolina e câmbio de dupla embreagem; cabine com telão curvo é um dos destaques.",Análise,2026-05-15T16:00:00+00:00,Combustão,Combustão/Híbrido,aceleramos bmw chega golf gti tracao integral hatch bavara aposta tradicao twinturbo gasolina cambio dupla embreagem cabine telao curvo destaques,20,20,3
https://motor1.uol.com.br/news/795994/flagra-bmw-m5-m3-eletrico/,Flagra mostra novos BMW M5 e M3 elétrico em alta velocidade,A BMW está dando os últimos retoques no primeiro M3 elétrico da história e em uma versão renovada do M5 com um motor V8 híbrido plug-in; dupla estreia em 2027.,Análise,2026-05-15T14:53:13+00:00,Elétrico,Elétrico,flagra mostra novos bmw eletrico alta velocidade bmw dando ultimos retoques primeiro eletrico historia renovada hibrido plug dupla estreia,19,17,1
https://motor1.uol.com.br/news/795914/bmw-m4-pre-venda-brasil/,Novo BMW M4 já está em pré-venda no Brasil e parte de R$ 908.950,"O novo BMW M4 Competition já está em pré-venda. Confira os preços das versões, detalhes do motor de 510 cv e o desempenho do cupê esportivo.",Análise,2026-05-14T20:22:02+00:00,Geral,Geral,bmw pre parte bmw competition pre confira detalhes desempenho cupe esportivo,11,9,1
https://motor1.uol.com.br/news/795801/governo-financiamento-especial-motoristas-app/,Governo cria financiamento especial para motoristas de app comprarem carros 0 km,"Com alta de 76,5% no aluguel de carros segundo a ABLA, governo federal lança programa de crédito para motoristas de app comprarem veículos zero-quilômetro.",Análise,2026-05-14T20:03:24+00:00,Geral,Geral,governo cria financiamento especial motoristas app comprarem alta aluguel segundo abla governo federal lanca programa credito motoristas app comprarem veiculos zero quilometro,22,18,4
https://motor1.uol.com.br/news/795873/volvo-ex60-brasil-outubro-preco/,Volvo confirma novo EX60 no Brasil em outubro por R$ 500 mil com 510 cv,"SUV elétrico e de luxo da sueca, Volvo EX60 usa base SPA3 para oferecer 510 cv e 660 km de autonomia.",Análise,2026-05-14T15:00:00+00:00,Elétrico,Elétrico,volvo confirma outubro mil suv eletrico luxo sueca volvo usa base oferecer autonomia,13,12,3
https://motor1.uol.com.br/news/795521/ford-confirma-transit-city-brasil/,Ford confirma nova Transit City de olho em Fiat Scudo e Citroën Jumpy,"Feita em parceria com a JMC, nova van tem origem chinesa, é elétrica e chega no segundo semestre de 2026.",Análise,2026-05-14T14:00:00+00:00,Elétrico,Elétrico,ford confirma transit city olho fiat scudo citroen jumpy feita parceria jmc van origem chinesa eletrica chega segundo semestre,19,19,3
https://motor1.uol.com.br/news/795663/lotus-motor-v8-1000-cavalos/,"Confirmada para o Brasil, Lotus anuncia volta de motor V8 após 20 anos","Com elétricos esportivos em baixa, marca irá apostar em modelos mais raiz com mais de 1.000 cv; estreia ocorrerá até 2028 e deve ficar acima do Emira.",Análise,2026-05-14T13:00:00+00:00,Elétrico,Elétrico,confirmada lotus anuncia volta apos anos eletricos esportivos baixa ira apostar raiz estreia ocorrera deve ficar acima emira,18,18,3
https://motor1.uol.com.br/news/795780/byd-tem-interesse-na-maserati/,BYD quer mais fábricas na Europa e pode tirar Maserati da Stellantis,"Vice-presidente da BYD, Stella Li, define a Maserati como 'marca muito interessante' e confirma planos para adquirir fábricas ociosas de rivais na Europa.",Análise,2026-05-14T12:00:00+00:00,Elétrico,Elétrico,byd quer fabricas europa tirar maserati stellantis vice presidente byd stella define maserati interessante confirma planos adquirir fabricas ociosas rivais europa,21,17,4
https://motor1.uol.com.br/news/795799/hatches-mais-vendidos-abril-2026/,Hatches em abril: Geely EX2 e BYD Dolphin registram recordes de vendas,"Com VW Polo à frente, categoria de maior volume tem disputa acirrada pela liderança enquanto Geely EX2 e BYD Dolphin têm recorde.",Análise,2026-05-14T11:00:00+00:00,Elétrico,Elétrico,hatches abril geely byd dolphin registram recordes polo frente categoria maior volume disputa acirrada lideranca enquanto geely byd dolphin recorde,20,17,2
https://motor1.uol.com.br/news/795785/jeep-revela-equipamentos-avenger-2027/,Jeep revela sem querer os equipamentos do Avenger 2027; veja tudo o que ele terá,"Novo Jeep Avenger 2027 revela interior, ChatGPT, grade iluminada e pacote ADAS antes da estreia no Brasil.",Análise,2026-05-14T10:00:00+00:00,Geral,Geral,jeep revela querer equipamentos avenger tudo jeep avenger revela interior chatgpt grade iluminada pacote adas antes estreia,17,14,5
https://motor1.uol.com.br/news/795796/m1-number-tesla-vs-xiaomi/,Motor1 Numbers: De azarão a fenômeno: a Xiaomi desafia a Tesla,"O YU7 conquista o mercado chinês, e a marca prepara novos SUVs para continuar sua expansão. Números e análises",Análise,2026-05-14T05:00:00+00:00,Elétrico,Elétrico,numbers azarao fenomeno xiaomi desafia tesla conquista chines prepara novos suvs continuar expansao numeros analises,15,15,1
https://motor1.uol.com.br/news/795791/super-veloce-entrega-primeiro-unico/,"Super Veloce entrega o primeiro UNICO ao proprietário; carro vale R$ 1,5 mi","Super Veloce, montadora nacional, fabrica apenas 3 unidades por ano do esportivo de fibra de carbono, o UNICO.",Análise,2026-05-13T20:00:00+00:00,Geral,Geral,super veloce entrega primeiro unico proprietario vale super veloce montadora nacional fabrica apenas esportivo fibra carbono unico,17,14,4
https://motor1.uol.com.br/news/795788/renovacao-automatica-cnh-aprovada/,"Renovação automática de CNH para bons motoristas é aprovada, mas não será automática","Texto que prevê renovação automática de CNH para bons motoristas espera sanção presidencial, mas segue exigindo exames médicos e psicológicos.",Análise,2026-05-13T19:00:00+00:00,Geral,Geral,renovacao automatica cnh bons motoristas aprovada automatica texto preve renovacao automatica cnh bons motoristas espera sancao presidencial segue exigindo exames medicos psicologicos,22,16,1
https://motor1.uol.com.br/news/795789/jaguar-confira-nome-type-01/,Modelo que marca o renascimento da Jaguar é enfim batizado: Type 01,"Elétrico ultraluxuoso da Jaguar, Type 01 recebe um nome simples, mas cheio de significado na história da britânica.",Análise,2026-05-13T18:00:00+00:00,Elétrico,Elétrico,renascimento jaguar enfim batizado type eletrico ultraluxuoso jaguar type recebe nome simples cheio significado historia britanica,16,14,2
https://motor1.uol.com.br/news/795770/chefao-bmw-maior-motor-moto/,Chefão da BMW deixa vazar moto com o maior motor da história da Motorrad,"Nas redes sociais, Markus Flasch, CEO da BMW Motorrad, posou ao lado do que parece ser a versão de produção do conceito R20, revelado em 2024.",Análise,2026-05-13T17:00:00+00:00,Geral,Geral,chefao bmw deixa vazar moto maior historia motorrad redes sociais markus flasch ceo bmw motorrad posou lado parece producao conceito revelado,21,19,1
https://motor1.uol.com.br/news/795765/flagra-honda-city-2028-seda/,Flagra: novo Honda City 2028 aparece sem camuflagem e tem cara de Prelude,"A Honda prepara mais uma reestilização para a atual geração do City; agora, o modelo abandona a inspiração no Civic e mirará no Prelude.",Análise,2026-05-13T16:00:00+00:00,Geral,Geral,flagra honda city aparece camuflagem cara prelude honda prepara reestilizacao atual geracao city agora abandona inspiracao civic mirara prelude,19,16,3
https://motor1.uol.com.br/news/795773/jeep-revela-interior-avenger-brasileiro/,Novo Jeep Avenger 2027 nacional tem interior relevado e é mais simples que europeu; veja fotos,Parte interna do SUV traz muitas soluções do europeu e pode ter revelado qual será a motorização do modelo nacional.,Análise,2026-05-13T15:04:52+00:00,Geral,Geral,jeep avenger nacional interior relevado simples europeu fotos parte interna suv traz muitas solucoes europeu revelado motorizacao nacional,18,16,2
https://motor1.uol.com.br/news/795664/lamborghini-fenomeno-roadster-v12-h%C3%ADbrido/,Só 15 ricaços poderão ter o novo Lamborghini Fenomeno Roadster híbrido,"Superesportivo híbrido com motor V12 aspirado faz 0 a 100 km/h em 2,4 segundos, supera o Revuelto em potência e homenageia o clássico Miura Roadster.",Análise,2026-05-13T13:00:00+00:00,Misto/Híbrido,Combustão/Híbrido,ricacos poderao lamborghini fenomeno roadster hibrido superesportivo hibrido aspirado faz segundos supera revuelto potencia homenageia classico miura roadster,18,16,3
https://motor1.uol.com.br/news/795673/suvs-vendas-abril-tcross-creta/,SUVs em abril: VW T-Cross e Hyundai Creta travam disputa acirrada pela liderança,Chevrolet Spark registra seu recorde de vendas e GAC GS3 tem começo tímido entre os SUVs e crossovers compactos no mês passado.,Análise,2026-05-13T12:00:00+00:00,Geral,Geral,suvs abril cross hyundai creta travam disputa acirrada lideranca chevrolet spark registra recorde gac comeco timido suvs crossovers compactos mes passado,21,20,2
https://motor1.uol.com.br/news/795666/electric-days-evolui-chama-edays/,"Electric Days evolui e se torna E-Days, ampliando seu foco para a transformação energética da mobilidade","Nova identidade reflete um posicionamento mais abrangente, conectando mobilidade, energia, tecnologia, inovação e sustentabilidade em uma plataforma única.",Análise,2026-05-13T11:00:00+00:00,Geral,Geral,electric days evolui torna days ampliando foco transformacao energetica mobilidade identidade reflete posicionamento abrangente conectando mobilidade energia tecnologia inovacao sustentabilidade plataforma unica,22,20,1
https://motor1.uol.com.br/news/795657/lista-novas-picapes-rivais-toro/,"Fiat Toro terá rivais de Toyota, BYD, VW e Renault nos próximos meses; veja quais são","Fiat Toro terá vida difícil com a chegada de BYD Mako, Toyota Corolla picape, VW Tukan e Renault Niagara. Veja o que cada uma traz para desbancar a líder.",Análise,2026-05-13T11:00:00+00:00,Elétrico,Elétrico,fiat toro rivais toyota byd renault proximos meses quais fiat toro vida dificil chegada byd mako toyota corolla picape tukan renault niagara cada traz desbancar lider,26,21,3
https://motor1.uol.com.br/news/795667/jeep-avenger-muda-europa-defeitos/,Jeep Avenger muda na Europa corrigindo defeitos apontados por brasileiros,"Breve no Brasil, Jeep Avenger muda na Europa ouvindo às reclamações de acabamento e motor com correia banhada a óleo apontadas por brasileiros.",Análise,2026-05-13T07:00:00+00:00,Geral,Geral,jeep avenger muda europa corrigindo defeitos apontados brasileiros breve jeep avenger muda europa ouvindo reclamacoes acabamento correia banhada oleo apontadas brasileiros,21,16,4
https://motor1.uol.com.br/news/795672/chevrolet-spin-2027-nova-versao/,Chevrolet oficializa Spin LTZ com opção de cinco lugares,Linha 2027 da Spin chega com mudanças discretas e nova opção LTZ de 5 lugares para focar em taxistas e PcD. Veja os preços e detalhes da minivan da GM.,Análise,2026-05-12T20:18:52+00:00,Geral,Geral,chevrolet oficializa spin ltz opcao cinco lugares linha spin chega mudancas discretas opcao ltz lugares focar taxistas pcd detalhes minivan,20,16,3
https://motor1.uol.com.br/news/795654/vendas-estados-abril-ranking/,BYD Dolphin Mini e Geely EX2 lideraram vendas em 4 estados; veja o ranking,"BYD Dolphin Mini e Geely EX2, dupla de carros elétricos chineses, foi a preferida em diferentes regiões; veja quais foram mais populares no seu estado.",Análise,2026-05-12T19:00:00+00:00,Elétrico,Elétrico,byd dolphin mini geely lideraram estados ranking byd dolphin mini geely dupla eletricos chineses preferida diferentes regioes quais populares estado,20,16,4
https://motor1.uol.com.br/news/795533/jeep-renegade-proxima-geracao-2028/,Próxima geração do Jeep Renegade será híbrido e muito mais emocional,"Nova geração do Jeep Renegade deve manter o design quadrado inspirado no Wrangler, mas com plataforma moderna e motores híbridos para se distanciar do Avenger.",Análise,2026-05-12T17:30:00+00:00,Elétrico,Elétrico,proxima geracao jeep renegade hibrido emocional geracao jeep renegade deve manter design quadrado inspirado wrangler plataforma moderna motores hibridos distanciar avenger,21,18,4
https://motor1.uol.com.br/news/795632/chevrolet-sonic-2027-agio-lojas/,Sucesso? Novo Chevrolet Sonic 2027 já é oferecido com até R$ 10 mil de ágio,"Nas lojas desde 07 de maio, o novo SUV de entrada da Chevrolet vem sendo vendido com ágio em algumas lojas da marca pelo País.",Análise,2026-05-12T15:21:48+00:00,Geral,Geral,sucesso chevrolet sonic oferecido mil agio lojas desde maio suv entrada chevrolet vem sendo vendido agio algumas lojas pais,19,16,3
https://motor1.uol.com.br/news/795637/vw-brasil-anuncio-feed-instagram/,Nova Tukan? VW do Brasil faz suspense e apaga feed do Instagram,"Com a frase 'Como será o amanhã?' e às vésperas da convocação para a Copa do Mundo, Volkswagen faz suspense nas redes e prepara anúncio com canarinho pistola.",Análise,2026-05-12T15:15:46+00:00,Geral,Geral,tukan faz suspense apaga feed instagram frase amanha vesperas convocacao copa mundo volkswagen faz suspense redes prepara anuncio canarinho pistola,20,18,2
https://motor1.uol.com.br/news/795625/audi-q9-impressoes-interior/,Audi Q9: veja como é o luxuoso interior do SUV de 7 lugares que chega em julho,Primeiro SUV de grande porte da Audi pensado para os EUA terá opções de 6 ou 7 lugares e nós já conferimos como ele ficou por dentro antes da estreia em julho.,Análise,2026-05-12T14:42:04+00:00,Geral,Geral,audi luxuoso interior suv lugares chega julho primeiro suv grande porte audi pensado eua opcoes lugares conferimos ficou dentro antes estreia julho,22,18,2
https://motor1.uol.com.br/news/795621/flagra-vw-tukan-motor-hibrido/,VW Tukan perde camuflagem antes de aparecer na Copa do Mundo,Registro próximo à fábrica da Volkswagen de Taubaté (SP) antecipa apresentação da picape Tukan híbrida que ocorrerá durante a Copa do Mundo.,Análise,2026-05-12T13:49:45+00:00,Elétrico,Elétrico,tukan perde camuflagem antes aparecer copa mundo registro proximo fabrica volkswagen taubate antecipa apresentacao picape tukan hibrida ocorrera durante copa mundo,21,18,5
https://motor1.uol.com.br/news/795608/yamaha-r15-r3-serie-especial/,Yamaha R15 e R3 ganham série especial de 70 anos da marca; veja o que muda,Edição limitada aposta em visual inspirado nas esportivas dos anos 1990 e reforça o DNA racing da linha R-Series da Yamaha.,Análise,2026-05-12T13:05:09+00:00,Geral,Geral,yamaha ganham serie especial anos muda edicao limitada aposta visual inspirado esportivas anos reforca dna racing linha series yamaha,19,17,3
https://motor1.uol.com.br/news/795540/opel-corsa-gse-el%C3%A9trico/,Corsa GSE elétrico tem base de Peugeot e é mais rápido que Golf GTI,"Novo Opel Corsa GSE resgata a tradição dos antigos GSI e OPC com motor elétrico de 280 cv, tração dianteira e aceleração de 0 a 100 km/h em 5,5 segundos.",Análise,2026-05-12T10:52:15+00:00,Elétrico,Elétrico,corsa gse eletrico base peugeot rapido golf gti opel corsa gse resgata tradicao antigos gsi opc eletrico tracao dianteira aceleracao segundos,21,18,3
https://motor1.uol.com.br/news/795526/gwm-revelara-ora-5-brasil/,GWM já tem data para revelar Ora 05 no Brasil; confira quando,"SUV do 03, modelo é a nova aposta da GWM e chegará primeiro como elétrico, mas pode virar flex e nacional em breve.",Análise,2026-05-11T19:00:01+00:00,Misto/Híbrido,Combustão/Híbrido,gwm data revelar ora confira suv aposta gwm chegara primeiro eletrico virar flex nacional breve,15,14,3
https://motor1.uol.com.br/news/795520/byd-revisa-garantia-de-fabrica-no-brasil/,Donos de BYD precisam ficar atentos: garantia muda para linha 2026/2027,"Mudanças confirmadas pela montadora afetam modelos elétricos e híbridos da linha 2026/2027, incluindo cobertura da bateria, sistema de alta tensão e multimídia.",Análise,2026-05-11T18:19:24+00:00,Elétrico,Elétrico,donos byd precisam ficar atentos garantia muda linha mudancas confirmadas montadora afetam eletricos hibridos linha incluindo cobertura bateria sistema alta tensao multimidia,22,21,3
https://motor1.uol.com.br/news/795503/segredo-picape-corolla-brasil-2028/,Segredo: picape anti-Toro da Toyota será PHEV e chega até 2028,"Mais uma rival da Toro deve chegar ao mercado em breve; derivada do Corolla, modelo deve ter motor híbrido plug-in.",Análise,2026-05-11T18:14:54+00:00,Elétrico,Elétrico,segredo picape anti toro toyota phev chega rival toro deve chegar breve derivada corolla deve hibrido plug,17,15,3
https://motor1.uol.com.br/news/795507/jetour-serie-dark-knight-brasil/,Jetour lança série Dark Knight inspirada no Batman para o T1 e T2,"Conheça a edição Dark Knight dos SUVs Jetour T1 e T2. Série especial aposta no visual 'all black', detalhes escurecidos e pinças de freio vermelhas. ",Análise,2026-05-11T17:14:46+00:00,Geral,Geral,jetour lanca serie dark knight inspirada batman conheca edicao dark knight suvs jetour serie especial aposta visual all black detalhes escurecidos pincas freio vermelhas,24,20,5
https://motor1.uol.com.br/news/795481/lotus-testa-emira-brasil-site/,Lotus testa Emira no Brasil e já tem site e perfil oficial,"Esportivo de dois lugares segue filosofia de seu criador, unindo baixo peso e dinâmica, mas não chegará sozinho.",Análise,2026-05-11T16:59:05+00:00,Geral,Geral,lotus testa emira site perfil oficial esportivo dois lugares segue filosofia criador unindo baixo peso dinamica chegara sozinho,18,18,5
https://motor1.uol.com.br/news/795375/historia-chevrolet-corvette-geracoes-mundo/,História: Chevrolet Corvette é o esportivo americano que assustou europeus,Conheça a trajetória do esportivo norte-americano que superou crises e se tornou um ícone mundial capaz de envergonhar exóticos europeus.,Análise,2026-05-11T13:01:00+00:00,Geral,Geral,historia chevrolet corvette esportivo americano assustou europeus conheca trajetoria esportivo norte americano superou crises tornou icone mundial capaz envergonhar exoticos europeus,21,18,2
https://motor1.uol.com.br/news/795372/analise-picapes-vendas-abril-2026/,Picapes em abril: Fiat Strada registra 3º melhor resultado de sua história,"Mercado de picapes cresce 14,2% em abril de 2026. Confira o ranking completo, do recorde da Fiat Strada ao desempenho da Hilux e Ford F-150.",Análise,2026-05-11T12:01:00+00:00,Geral,Geral,picapes abril fiat strada registra melhor resultado historia picapes cresce abril confira ranking completo recorde fiat strada desempenho hilux ford,20,16,2
https://motor1.uol.com.br/news/795374/video-como-nasce-o-chevrolet-sonic/,Exclusivo: fomos à fábrica de Gravataí (RS) ver como nasce o novo Chevrolet Sonic 2027,"Motor1.com Brasil acompanhou o início da montagem do novo SUV da Chevrolet em Gravataí (RS), fábrica que recebeu R$ 1,2 bilhão em investimentos para o modelo.",Análise,2026-05-10T13:00:00+00:00,Geral,Geral,exclusivo fabrica gravatai ver nasce chevrolet sonic acompanhou inicio montagem suv chevrolet gravatai fabrica recebeu bilhao investimentos,17,14,5
https://motor1.uol.com.br/news/795378/geely-10-mil-unidades-vendidas/,Geely chega às 10 mil unidades vendidas e fabricará no Brasil,Geely alcança marco de vendas no Brasil e projeta fabricação nacional em 2026. Confira os detalhes do compacto EX2 e do SUV híbrido EX5.,Análise,2026-05-09T15:01:00+00:00,Elétrico,Elétrico,geely chega mil vendidas fabricara geely alcanca marco projeta fabricacao nacional confira detalhes compacto suv hibrido,16,15,1
https://motor1.uol.com.br/news/795345/chevrolet-sonic-sera-exportado-mercados/,Novo Chevrolet Sonic já tem data para chegar em outros mercados,"SUV, considerado cupê pela norte-americana, será oferecido também em outros mercados da América do Sul, sendo sempre exportado do Brasil.",Análise,2026-05-09T12:01:00+00:00,Geral,Geral,chevrolet sonic data chegar outros mercados suv considerado cupe norte americana oferecido outros mercados america sul sendo sempre exportado,19,17,2
https://motor1.uol.com.br/news/795235/flagra-vw-taos-hibrido-argentina/,Flagra: VW já testa motor 1.5 TSI e sistema híbrido na Argentina,Protótipo camuflado na Argentina revela testes do novo 1.5 TSI e sistemas híbrido leve e pleno da Volkswagen; veja quem deve estrear a tecnologia no Brasil.,Análise,2026-05-08T19:54:26+00:00,Elétrico,Elétrico,flagra testa tsi sistema hibrido argentina prototipo camuflado argentina revela testes tsi sistemas hibrido leve pleno volkswagen deve estrear tecnologia,20,17,1
https://motor1.uol.com.br/news/795350/audi-lanca-q5-sq5-2026/,Novos Audi Q5 e SQ5 2026 ficam 'mais autônomos'; veja os preços,"Dupla de SUVs intermediários da marca das quatro argolas, Q5 e SQ5 passaram por revisão no conteúdo de série para a linha 2026.",Análise,2026-05-08T16:42:07+00:00,Geral,Geral,novos audi ficam autonomos dupla suvs intermediarios quatro argolas passaram revisao conteudo serie linha,14,14,1
https://motor1.uol.com.br/news/795227/motos-mais-vendidas-abril-modelos/,Motos em abril: Honda CG lidera e Mottu quase sai do Top 10; veja o ranking,"Num mês em que a Bajaj foi a quinta marca mais vendidas, apenas Honda, Yamaha e Mottu aparecem entre as 10 mais vendidas do mês passado.",Análise,2026-05-08T16:00:00+00:00,Geral,Geral,motos abril honda lidera mottu quase sai top ranking mes bajaj quinta vendidas apenas honda yamaha mottu aparecem vendidas mes passado,21,17,1
https://motor1.uol.com.br/news/795320/vw-fatura-1bi-12minutos-tiguan/,Doze minutos de vendas do novo Tiguan podem render R$ 1 bi à VW,"Volkswagen anuncia recebeu mais de 3 mil pedidos para o Tiguan de nova geração em 12 minutos, o que pode gerar um faturamento de quase R$ 1 bilhão.",Análise,2026-05-08T15:00:00+00:00,Geral,Geral,doze minutos tiguan podem render volkswagen anuncia recebeu mil pedidos tiguan geracao minutos gerar faturamento quase bilhao,17,15,3
https://motor1.uol.com.br/news/795203/novo-v8-mercedes-amg-2026/,Novo motor V8 da Mercedes-AMG será revelado ainda em 2026,"Novo propulsor chegará primeiro aos SUVs da alemã; Classe C, no entanto, ficará com um seis cilindros no lugar do atual 2.0.",Análise,2026-05-08T13:00:00+00:00,Combustão,Combustão/Híbrido,mercedes amg revelado ainda propulsor chegara primeiro suvs alema classe entanto ficara seis cilindros lugar atual,16,16,1
https://motor1.uol.com.br/news/795196/geely-fabrica-ford-novo-fiesta/,Geely está interessada em fábrica da Ford e pode criar novo Fiesta,"Seguindo o que já fez por aqui com a Renault, o grupo Geely planeja entrar na Europa atráves de parceria com a Ford; acordo pode gerar novo Fiesta.",Análise,2026-05-08T12:00:00+00:00,Geral,Geral,geely interessada fabrica ford criar fiesta seguindo fez aqui renault grupo geely planeja entrar europa atraves parceria ford acordo gerar fiesta,21,18,1
https://motor1.uol.com.br/news/795103/lotus-for-me-novo-eletre/,Lotus For Me: um híbrido mais barato e potente que o Eletre convencional,"Conheça o Lotus For Me, SUV PHEV que entrega 952 cv, 1.200 km de autonomia e custa menos que o Eletre elétrico. Veja os detalhes e as chances de vir ao Brasil.",Análise,2026-05-08T11:00:00+00:00,Elétrico,Elétrico,lotus hibrido barato potente eletre convencional conheca lotus suv phev entrega autonomia custa menos eletre eletrico detalhes chances vir,19,17,5
https://motor1.uol.com.br/news/795228/comparativo-chevrolet-sonic-volkswagen-nivus/,Novo Chevrolet Sonic vs. VW Nivus: qual o melhor SUV cupê?,"O Chevrolet Sonic voltou como SUV cupê para encarar o Nivus; veja qual modelo oferece o melhor custo-benefício, performance e tecnologias de segurança.",Análise,2026-05-08T10:00:00+00:00,Geral,Geral,chevrolet sonic nivus melhor suv cupe chevrolet sonic voltou suv cupe encarar nivus oferece melhor custo beneficio performance tecnologias seguranca,20,14,2
https://motor1.uol.com.br/news/795198/vendas-marcas-motos-brasil-abril/,"Motos em abril: Honda lidera, mas Bajaj chega à 5ª posição pela primeira vez",Confira como ficou o ranking das montadoras que mais emplacaram motocicletas mais vendidas do Brasil no mês passado.,Análise,2026-05-07T18:00:00+00:00,Geral,Geral,motos abril honda lidera bajaj chega posicao primeira vez confira ficou ranking montadoras emplacaram motocicletas vendidas mes passado,18,18,1
https://motor1.uol.com.br/news/795195/habilitacao-sao-paulo-mais-barata/,"Sem CNH física, habilitação em São Paulo é a mais barata do Brasil","Após Detran SP eliminar obrigatoriedade do documento de papel no final de 2025, custo no estado é de R$ 105,66.",Análise,2026-05-07T17:00:00+00:00,Geral,Geral,cnh fisica habilitacao paulo barata apos detran eliminar obrigatoriedade documento papel final custo estado,14,14,1
https://motor1.uol.com.br/news/795188/citroen-desconto-c3-aircross-basalt/,"Efeito Sonic? Citroën dá descontos de até R$ 25 mil no preço de C3, Aircross e Basalt","Campanha válida até 4 de junho inclui bônus no usado, taxa zero e condições especiais de financiamento dando carro como parte de pagamento.",Análise,2026-05-07T16:00:00+00:00,Geral,Geral,efeito sonic citroen descontos mil aircross basalt campanha valida junho inclui bonus usado taxa zero condicoes especiais financiamento dando parte pagamento,21,21,5
https://motor1.uol.com.br/news/795178/chevrolet-sonic-2027-preco-versoes/,Chevrolet lança novo Sonic 2027 em duas versões com preço a partir de R$ 129.990,"SUV nacional produzido em Gravataí chega com o mesmo motor 1.0 turbo flex de injeção direta do Tracker para enfrentar Nivus, Pulse e Kardian.",Análise,2026-05-07T14:48:53+00:00,Combustão,Combustão/Híbrido,chevrolet lanca sonic duas partir suv nacional produzido gravatai chega turbo flex injecao direta tracker enfrentar nivus pulse kardian,19,19,3
https://motor1.uol.com.br/news/795189/flagra-hyundai-i20-aventureiro-suv/,Novo Hyundai i20 2027 terá estilo aventureiro para vender como SUV antes do Bayon,Novo Hyundai que será produzido no Brasil terá estilo aventureiro e primeira aparição global na Copa do Mundo.,Análise,2026-05-07T14:15:01+00:00,Geral,Geral,hyundai estilo aventureiro vender suv antes bayon hyundai produzido estilo aventureiro primeira aparicao global copa mundo,16,13,2
https://motor1.uol.com.br/news/794967/vw-multa-bilionaria-co2-carros/,"VW terá que pagar R$ 8,6 bilhões por excesso de CO2 em seus carros","O CFO do grupo VW, Arno Antlitz, estima que empresa pode pagar até 1,5 bilhão de euros por exceder a meta de emissões de CO2 da frota vendida entre 2025 e 2027.",Análise,2026-05-07T13:00:00+00:00,Geral,Geral,pagar bilhoes excesso cfo grupo arno antlitz estima empresa pagar bilhao euros exceder meta emissoes frota vendida,17,16,5
https://motor1.uol.com.br/news/795098/vendas-diretas-abril-2026/,"Enquanto varejo adota elétricos, vendas diretas ficam com um 'velho' Top 10",Fiat emplaca dobradinha nas vendas diretas no mês passado e Toyota Yaris Cross é o menos dependente da modalidade.,Análise,2026-05-07T12:00:00+00:00,Elétrico,Elétrico,enquanto varejo adota eletricos diretas ficam velho top fiat emplaca dobradinha diretas mes passado toyota yaris cross menos dependente modalidade,20,19,4
https://motor1.uol.com.br/news/794978/baic-proxima-chinesa-brasil-2026/,BAIC no Brasil: planos ganham força no Salão de Pequim 2026,"Com uma comitiva de 70 brasileiros, a BAIC detalhou sua ofensiva para o Brasil. Conheça os SUVs híbridos e elétricos com tecnologia de ponta.",Análise,2026-05-07T11:00:00+00:00,Elétrico,Elétrico,baic planos ganham forca salao pequim comitiva brasileiros baic detalhou ofensiva conheca suvs hibridos eletricos tecnologia ponta,17,16,4
https://motor1.uol.com.br/news/795101/instituto-renault-profissionais-capacitacao/,Instituto Renault capacita profissionais para dentro e fora da indústria ,Saiba como o Instituto capacita jovens para mercado e confira entrevista com Ariel Montenegro sobre a nacionalização do EX5 e a demanda recorde do elétrico EX2.,Análise,2026-05-06T21:00:00+00:00,Elétrico,Elétrico,instituto renault capacita profissionais dentro industria saiba instituto capacita jovens confira entrevista ariel montenegro sobre nacionalizacao demanda recorde eletrico,19,17,1
https://motor1.uol.com.br/news/795042/harley-davidson-sportster-883-voltar%C3%A1/,Sportster 883 voltará: Harley-Davidson anuncia mudança de rumo e moto mais barata,"Com vendas minguando e novo CEO, Harley-Davidson dos EUA vira o disco e voltará a oferecer produtos mais acessíveis, incluindo modelo ainda mais barato.",Análise,2026-05-06T14:00:00+00:00,Geral,Geral,sportster voltara harley davidson anuncia mudanca rumo moto barata minguando ceo harley davidson eua vira disco voltara oferecer produtos acessiveis incluindo ainda barato,23,20,1
https://motor1.uol.com.br/news/794972/vw-golf-mais-radical-historia/,Volkswagen prepara o Golf R mais espetacular de todos os tempos,"Em 2027, inédito VW Golf R 24H estreará nas 24 Horas de Nurburgring com uma versão de corrida desenvolvida com a Max Kruse Racing.",Análise,2026-05-06T13:00:00+00:00,Geral,Geral,volkswagen prepara golf espetacular todos tempos inedito golf estreara horas nurburgring corrida desenvolvida max kruse racing,16,15,3
https://motor1.uol.com.br/news/794973/pec-ipva-analisada-camara/,Vai mudar? PEC do IPVA por quilo será analisada hoje pela Câmara,Proposta que muda cálculo do imposto e limita gastos públicos entra em discussão na Comissão de Constituição e Justiça.,Análise,2026-05-06T12:00:00+00:00,Geral,Geral,mudar pec ipva quilo analisada hoje camara proposta muda calculo imposto limita gastos publicos entra discussao comissao constituicao justica,19,19,4
https://motor1.uol.com.br/news/794979/dolphin-mini-ex2-varejo-abril/,Mercado muda de vez: Brasil coloca 2 elétricos no Top 10 do varejo pela 1ª vez,"BYD ainda liderou modalidade de forma inédita no mês passado, com Dolphin Mini e Geely EX2 formando Top 10 com 2 elétricos pela 1ª vez.",Análise,2026-05-06T10:00:00+00:00,Elétrico,Elétrico,muda vez coloca eletricos top varejo vez byd ainda liderou modalidade forma inedita mes passado dolphin mini geely formando top eletricos vez,22,18,4
https://motor1.uol.com.br/news/794983/audi-lanca-a5-2025-brasil/,"Audi A5 2026 corrige falhas, ganha mais equipamentos e sobe para R$ 424 mil","Audi A5 2026 chega ao Brasil com mais equipamentos, motor 2.0 turbo de 272 cv e preço de R$ 424.990. Veja tudo o que muda.",Análise,2026-05-05T21:30:51+00:00,Combustão,Combustão/Híbrido,audi corrige falhas ganha equipamentos sobe mil audi chega equipamentos turbo tudo muda,13,11,3
https://motor1.uol.com.br/news/794975/flagra-honda-facelift-city-2027/,Flagra: Honda City 2027 mudará visual de novo para se diferenciar do WR-V,Compacto da marca japonesa vai ficar mais esportivo para continuar relevante dentro da gama da Honda; veja o que mudar.,Análise,2026-05-05T21:00:00+00:00,Geral,Geral,flagra honda city mudara visual diferenciar compacto japonesa ficar esportivo continuar relevante dentro gama honda mudar,16,15,3
https://motor1.uol.com.br/news/794950/diretor-lotus-brasil-suv-eletre/,Chefão da Lotus Brasil antecipa chegada de SUV elétrico de 930 cv,"A Lotus está chegando ao Brasil! Diretor da marca antecipa a vinda do Eletre, um SUV elétrico com mais de 900 cv para bater de frente com o Porsche Cayenne.",Análise,2026-05-05T20:00:00+00:00,Elétrico,Elétrico,chefao lotus antecipa chegada suv eletrico lotus chegando diretor antecipa vinda eletre suv eletrico bater frente porsche cayenne,18,14,5
https://motor1.uol.com.br/news/794969/vw-america-latina-brasil/,Volkswagen cresce na América Latina e reforça papel estratégico do Brasil,Crescimento em mercados da região impacta diretamente nos resultados operacionais do Brasil,Análise,2026-05-05T19:20:41+00:00,Geral,Geral,volkswagen cresce america latina reforca papel estrategico crescimento mercados regiao impacta diretamente resultados operacionais,14,14,5
https://motor1.uol.com.br/news/794965/emplacamentos-carros-vendas-abril-2026/,BYD assombra G4 das montadoras e vendas crescem 20% em abril,"O mercado automotivo acelerou forte em abril com alta de 20%; confira o ranking completo da Fenabrave, o domínio da Strada e a ascensão das marcas chinesas.",Análise,2026-05-05T18:49:26+00:00,Elétrico,Elétrico,byd assombra montadoras crescem abril automotivo acelerou forte abril alta confira ranking completo fenabrave dominio strada ascensao chinesas,18,17,2
https://motor1.uol.com.br/news/794958/ipva-peso-proposta-imposto/,IPVA por quilo? Conheça a proposta que quer limitar imposto a 1% do valor do carro,"Proposta de Emenda à Constituição quer alterar forma como imposto é cobrado, passando a olhar para o peso de cada veículo.",Análise,2026-05-05T16:52:14+00:00,Geral,Geral,ipva quilo conheca proposta quer limitar imposto proposta emenda constituicao quer alterar forma imposto cobrado passando olhar peso cada veiculo,20,17,4
https://motor1.uol.com.br/news/794943/vw-recall-tera-polo-nivus/,"VW: painel inoperante gera mega recall de 118 mil Polo, Tera, T-Cross e mais","Problema de software pode deixar painel de instrumentos digital de Polo, Virtus, Tera, Nivus e T-Cross inoperante; serviço é gratuito.",Análise,2026-05-05T16:00:00+00:00,Geral,Geral,painel inoperante gera mega recall mil polo cross problema software deixar painel instrumentos digital polo virtus nivus cross inoperante servico gratuito,21,17,5
https://motor1.uol.com.br/news/794929/adicione-motor1-brasil-fontes-favoritas/,Adicione o Motor1.com Brasil às suas fontes favoritas; leva apenas 15 segundos,Cansou de receber apenas notícias falsas ou sensacionalistas sobre carros? Force o Google a te mostrar conteúdo de qualidade como o do Motor1!,Análise,2026-05-05T15:24:41+00:00,Geral,Geral,adicione fontes favoritas leva apenas segundos cansou receber apenas noticias falsas sensacionalistas sobre force google mostrar conteudo qualidade,18,17,1
https://motor1.uol.com.br/news/794933/peugeot-registra-novo-308-brasil/,"Peugeot registra nova geração do 308 no Brasil, mas será que o primo do Astra vem?",A nova geração do 308 foi registrada pela Peugeot no país; hatchback médio poderia ser opção da francesa contra esportivos da concorrência.,Análise,2026-05-05T15:21:52+00:00,Geral,Geral,peugeot registra geracao primo astra vem geracao registrada peugeot pais hatchback medio poderia opcao francesa contra esportivos concorrencia,18,16,4
https://motor1.uol.com.br/news/794922/flagra-hyundai-creta-2029-interior/,Flagra: novo Hyundai Creta 2029 terá multimídia de Tesla e Volvo EX30,"Próxima geração do Hyundai Creta, que dará origem ao novo Chevrolet Tracker, apareceu com bem mais tecnologia embarcada.",Análise,2026-05-05T13:54:17+00:00,Elétrico,Elétrico,flagra hyundai creta multimidia tesla volvo proxima geracao hyundai creta dara origem chevrolet tracker apareceu bem tecnologia embarcada,18,16,1
https://motor1.uol.com.br/news/794854/receita-filosa-salvando-stellantis/,"A receita de Filosa está salvando a Stellantis, mas ainda não é o suficiente","Contas do grupo Stellantis melhoram no 1º trimestre de 2026 e superam as estimativas, mas a queda na bolsa evidencia as dúvidas sobre o caixa.",Análise,2026-05-05T13:00:00+00:00,Geral,Geral,receita filosa salvando stellantis ainda suficiente contas grupo stellantis melhoram trimestre superam estimativas queda bolsa evidencia duvidas sobre caixa,19,18,1
https://motor1.uol.com.br/news/794856/bmw-testa-serie3-combustao-pistas/,"Depois de lançar I3, BMW agora acelera (literalmente) testes do Série 3","Sedã a gasolina continuará em linha com o clássico seis cilindros; veja tudo o que muda no porte, visual e quando chega.",Análise,2026-05-05T12:00:00+00:00,Combustão,Combustão/Híbrido,lancar bmw agora acelera literalmente testes serie seda gasolina continuara linha classico seis cilindros tudo muda porte visual chega,19,19,1
https://motor1.uol.com.br/news/794829/omoda-jaecoo-motores-flex-brasil/,Omoda & Jaecoo terá híbrido flex já em 2027; 1.0 turbo três-cilindros chega em 2028,"Marca do Grupo Chery, Omoda & Jaecoo investe em conjuntos eletrificados rodando com etanol e fará algo que nem a Toyota fez ainda.",Análise,2026-05-05T11:00:00+00:00,Misto/Híbrido,Combustão/Híbrido,omoda jaecoo hibrido flex turbo tres cilindros chega grupo chery omoda jaecoo investe conjuntos eletrificados rodando etanol fara algo toyota fez ainda,22,20,3
https://motor1.uol.com.br/news/794848/chery-arrizo-clone-audi-a5/,Chery lança seu próprio Audi A5 com nova geração do Arrizo,"O novo Chery Arrizo S estreou no Salão de Pequim com motor 2.0 turbo de 261 cv e um design polêmico, inspirado diretamente no visual do Audi A5.",Análise,2026-05-05T10:00:00+00:00,Combustão,Combustão/Híbrido,chery lanca proprio audi geracao arrizo chery arrizo estreou salao pequim turbo design polemico inspirado diretamente visual audi,18,15,2
https://motor1.uol.com.br/news/794858/carros-mais-vendidos-abril-2026/,Fiat Strada líder e Geely EX2 vendendo mais do que BYD Dolphin: confira mais vendidos em abril,"Volkswagen Tera ficou de fora do Top 10 dos mais vendidos do Brasil no mês passado, enquanto Fiat Strada liderou e Geely EX2 passou o BYD Dolphin.",Análise,2026-05-04T21:03:33+00:00,Elétrico,Elétrico,fiat strada lider geely vendendo byd dolphin confira vendidos abril volkswagen ficou top vendidos mes passado enquanto fiat strada liderou geely passou byd dolphin,24,18,2
https://motor1.uol.com.br/news/794834/volvo-sotware-integrado-google-gemini/,"Em parceria com a Google, Volvo terá Gemini que enxerga rua em seus carros","Volvo aprofunda parceria com Google e integra Gemini em seus carros. Sistema via nuvem será capaz de 'enxergar' a rua, otimizar rotas e atualizar como celular.",Análise,2026-05-04T21:00:00+00:00,Geral,Geral,parceria google volvo gemini enxerga rua volvo aprofunda parceria google integra gemini sistema via nuvem capaz enxergar rua otimizar rotas atualizar celular,22,17,3
https://motor1.uol.com.br/news/794802/vw-dividas-demissoes-europa-financeiro/,"Em crise, VW cortará 50 mil vagas e mudará modelo de negócio","O CEO do Grupo VW, Oliver Blume, confirmou o corte de 50 mil empregos e uma mudança radical no modelo de negócio para enfrentar rivais chineses e custos altos.",Análise,2026-05-04T16:00:00+00:00,Geral,Geral,crise cortara mil vagas mudara negocio ceo grupo oliver blume confirmou corte mil empregos mudanca radical negocio enfrentar rivais chineses custos altos,22,20,1
https://motor1.uol.com.br/news/794807/chevrolet-sonic-chega-nessa-semana/,Novo Chevrolet Sonic 2027 chega esta semana ao Brasil; veja tudo o que sabemos,"Principal aposta da Chevrolet para o Brasil em 2026, novo Sonic chega para enfrentar VW Nivus, Fiat Pulse e Renault Kardian.",Análise,2026-05-04T14:33:15+00:00,Geral,Geral,chevrolet sonic chega semana tudo sabemos principal aposta chevrolet sonic chega enfrentar nivus fiat pulse renault kardian,17,14,3
https://motor1.uol.com.br/news/794775/planos-gwm-fabrica-modelos-brasil/,GWM prepara nova fábrica e novos modelos para crescer de vez no Brasil,Marca cravará de vez sua base no Brasil com planta do Espirito Santo e 12 lançamentos planejados só em 2026.,Análise,2026-05-04T13:00:00+00:00,Geral,Geral,gwm prepara fabrica novos crescer vez cravara vez base planta espirito santo lancamentos planejados,14,13,3
https://motor1.uol.com.br/news/794722/salao-de-pequim-chinesas-foco-brasil/,Salão de Pequim antecipa nova fase das chinesas com foco no Brasil,"Salão de Pequim mostra avanço das chinesas no Brasil com produção local, híbridos, elétricos e novas estratégias de mercado.",Análise,2026-05-04T12:00:00+00:00,Elétrico,Elétrico,salao pequim antecipa fase chinesas foco salao pequim mostra avanco chinesas producao local hibridos eletricos novas estrategias,17,14,4
https://motor1.uol.com.br/news/794721/gac-i60-suv-1240-km-alcance-brasil/,GAC i60 virá ao Brasil com 1.240 km de autonomia e mira Leapmotor C10,GAC confirma SUV i60 no Brasil com até 1.240 km de autonomia e sistema com extensor de alcance; produção local começa em 2027.,Análise,2026-05-04T11:00:00+00:00,Elétrico,Elétrico,gac vira autonomia mira leapmotor gac confirma suv autonomia sistema extensor alcance producao local comeca,15,13,3
https://motor1.uol.com.br/news/794620/analise-design-novos-suvs-mundo/,Novo Jeep Compass vai contra tendência e rejeita visual de SUV cupê,Entenda por que o novo Jeep Compass prioriza as formas quadradas e a função prática antes da estética dos crossovers modernos nesta análise técnica de design.,Análise,2026-05-03T17:00:00+00:00,Geral,Geral,jeep compass contra tendencia rejeita visual suv cupe entenda jeep compass prioriza formas quadradas funcao pratica antes estetica crossovers modernos nesta analise tecnica design,24,22,2
https://motor1.uol.com.br/news/794211/byd-hibridos-ponte-eletricos-stella-li/,"BYD aposta em híbridos antes dos elétricos no Brasil, diz Stella Li",BYD aposta em híbridos como etapa para eletrificação no Brasil e vê crescimento dos elétricos com avanço de baterias e recarga. ,Análise,2026-05-03T14:00:00+00:00,Elétrico,Elétrico,byd aposta hibridos antes eletricos diz stella byd aposta hibridos etapa eletrificacao crescimento eletricos avanco baterias recarga,17,13,4
https://motor1.uol.com.br/news/794227/omoda-2-mais-barato-flex-brasil-2028/,"Omoda 2: mais barato da marca, chega ao Brasil em 2028 e será flex",Presidente da Chery Group International confirma que o Omoda 2 será comercializado no Brasil; chegada deve ocorrer em 2028 e o carro já chegará flex.,Análise,2026-05-03T13:00:00+00:00,Combustão,Combustão/Híbrido,omoda barato chega flex presidente chery group international confirma omoda comercializado chegada deve ocorrer chegara flex,16,14,3
https://motor1.uol.com.br/news/794702/segredo-gwm-picape-hibrida-brasil/,GWM pode ter picape híbrida no Brasil para atender pedido de concessionários,Demanda por picapes eletrificadas crescerá nos próximos anos e a GWM já tem produtos para atender o mercado.,Análise,2026-05-03T12:02:09+00:00,Elétrico,Elétrico,gwm picape hibrida atender pedido concessionarios demanda picapes eletrificadas crescera proximos anos gwm produtos atender,15,13,3
https://motor1.uol.com.br/news/794695/dongfeng-brasil-fabrica-nissan/,Dongfeng chega ao Brasil com 2 modelos e produzirá na fábrica da Nissan em Resende,"Dongfeng estreia no Brasil com elétricos e avalia produzir modelos Nissan e próprios em Resende, reforçando estratégia global.",Análise,2026-05-02T17:52:56+00:00,Elétrico,Elétrico,dongfeng chega produzira fabrica nissan resende dongfeng estreia eletricos avalia produzir nissan proprios resende reforcando estrategia global,17,14,3
https://motor1.uol.com.br/news/794657/dongfeng-mhero-917-jipe-1000cv/,Dongfeng M-Hero 917L mostra o poder de um guerreiro destemido,"Grupo chinês Dongfeng que logo chegará ao Brasil estuda trazer jipão Dongfeng M-Hero 917L  de mais de 1.000 cv ao país.
",Análise,2026-05-02T16:00:00+00:00,Geral,Geral,dongfeng hero mostra poder guerreiro destemido grupo chines dongfeng logo chegara estuda trazer jipao dongfeng hero pais,17,14,5
https://motor1.uol.com.br/news/794689/jetour-t2-awd-4x4-chega-brasil/,Jetour T2 AWD: o que já sabemos da versão 4x4 que chega em breve ao Brasil,"Jetour T2 AWD chega ao Brasil com sistema híbrido de até 600 cv, tração 4x4 elétrica e proposta off-road inédita na linha.",Análise,2026-05-02T12:45:00+00:00,Elétrico,Elétrico,jetour awd sabemos chega breve jetour awd chega sistema hibrido tracao eletrica proposta off road inedita linha,17,14,1
https://motor1.uol.com.br/news/794650/byd-negocia-fabrica-volkswagen-alemanha/,BYD negocia fábrica da Volkswagen na Alemanha em movimento inédito,BYD negocia uso de fábrica da Volkswagen em Dresden. Movimento pode marcar nova fase da presença chinesa na indústria automotiva europeia.,Análise,2026-05-02T11:50:00+00:00,Elétrico,Elétrico,byd negocia fabrica volkswagen alemanha movimento inedito byd negocia uso fabrica volkswagen dresden movimento marcar fase presenca chinesa industria automotiva europeia,21,16,4
https://motor1.uol.com.br/news/794647/byd-supercarro-eletrico-mais-caro-historia/,"BYD vende supercarro elétrico por R$ 13,7 milhões e bate recorde","BYD vende U9 Xtreme por R$ 13,7 milhões, o mais caro da marca. Supercarro elétrico tem quase 3.000 cv e produção limitada.",Análise,2026-05-01T15:52:21+00:00,Elétrico,Elétrico,byd vende supercarro eletrico milhoes bate recorde byd vende xtreme milhoes caro supercarro eletrico quase producao limitada,17,12,3
https://motor1.uol.com.br/news/794619/leapmotor-b05-eletrico-iguala-golg-gti/,Leapmotor B05 Ultra acelera como Golf GTI e aposta na fórmula elétrica,"Leapmotor B05 Ultra estreia com 245 cv, tração traseira e desempenho de Golf GTI. Hatch elétrico chega a 600 km de autonomia no ciclo chinês.",Análise,2026-05-01T14:00:00+00:00,Elétrico,Elétrico,leapmotor ultra acelera golf gti aposta formula eletrica leapmotor ultra estreia tracao traseira desempenho golf gti hatch eletrico chega autonomia ciclo chines,22,18,5
https://motor1.uol.com.br/news/794599/gwm-ora5-hibrido-combustao-versoes-brasil/,GWM Ora 5 estreia na China com motor turbo e híbrido e já mira o Brasil,"Derivado do Ora 03 terá a missão de colocar a GWM entre os modelos de massa; na China, marca já revela potência e consumo dos novos propulsores.",Análise,2026-05-01T13:00:00+00:00,Misto/Híbrido,Combustão/Híbrido,gwm ora estreia china turbo hibrido mira derivado ora missao colocar gwm massa china revela potencia consumo novos propulsores,19,16,3
https://motor1.uol.com.br/news/794627/ram-dakota-night-edition-agrishow/,Ram Dakota Night Edition estreia na Agrishow com visual escurecido,Vimos de perto como é a nova versão da picape Dakota; modelo deixa de lado abundância de cromados da Laramie para ter detalhes escurecidos; veja o que muda.,Análise,2026-05-01T12:00:00+00:00,Geral,Geral,ram dakota night edition estreia agrishow visual escurecido vimos perto picape dakota deixa lado abundancia cromados laramie detalhes escurecidos muda,20,19,5
https://motor1.uol.com.br/news/794602/jaecoo-7-elite-phev-mais-barato/,Jaecoo 7 Elite chega por R$ 179.990 e vira SUV PHEV mais acessível,"Jaecoo 7 Elite estreia por R$ 179.990 como SUV PHEV mais acessível do Brasil, com 279 cv e até 79 km elétricos pelo Inmetro.",Análise,2026-04-30T17:01:02+00:00,Elétrico,Elétrico,jaecoo elite chega vira suv phev acessivel jaecoo elite estreia suv phev acessivel eletricos inmetro,15,10,5
https://motor1.uol.com.br/news/794589/chevrolet-sonic-2027-interior-revelado-fotos/,Novo Chevrolet Sonic tem interior revelado antes da estreia no Brasil,"Chevrolet revela o interior do Sonic 2027 antes do lançamento. SUV cupê terá telas integradas, Wi-Fi nativo e proposta mais tecnológica.",Análise,2026-04-30T15:12:54+00:00,Geral,Geral,chevrolet sonic interior revelado antes estreia chevrolet revela interior sonic antes lancamento suv cupe telas integradas nativo proposta tecnologica,19,15,5
https://motor1.uol.com.br/news/794584/jeep-revela-avenger-brasil-shakira/,Jeep Avenger 2027: novos detalhes e estreia em megashow da Shakira,"A jeep do Brasil revelou mais detalhes do Avenger; SUV de entrada aparecerá no show da Shakira e será concorrente de VW Tera, Fiat Pulse e Renault Kardian.",Análise,2026-04-30T14:44:55+00:00,Geral,Geral,jeep avenger novos detalhes estreia megashow shakira jeep revelou detalhes avenger suv entrada aparecera show shakira concorrente fiat pulse renault kardian,21,17,5
https://motor1.uol.com.br/news/794477/mitsubishi-triton-terra-2027-conhecemos/,Agrishow: Mitsubishi Triton Terra 2027 une luxo e mais capacidade por R$ 364.990,"Nova edição da série Terra segue ideia do modelo vendido em 2024, mas agora com mais opções de cores; configura tudo o que muda.",Análise,2026-04-30T12:03:03+00:00,Geral,Geral,agrishow mitsubishi triton terra une luxo capacidade edicao serie terra segue ideia vendido agora opcoes cores configura tudo muda,19,18,5
https://motor1.uol.com.br/news/794475/jeep-avenger-rio-de-janeiro-antes-estreia/,Jeep Avenger já circula pelas ruas do Brasil antes da estreia oficial,Jeep Avenger surge no Rio antes do lançamento e confirma chegada ao Brasil em 2026. SUV será produzido em Porto Real (RJ).,Análise,2026-04-29T20:00:32+00:00,Geral,Geral,jeep avenger circula ruas antes estreia oficial jeep avenger surge rio antes lancamento confirma chegada suv produzido porto real,19,16,4
https://motor1.uol.com.br/news/794474/gwm-tank-300-flex-aovivo/,Conhecemos: Tank 300 Flex é destaque da GWM durante Agrishow,"SUV médio grande agora também pode ser abastecido com etanol, mas potência não muda; confira detalhes, motorização e preço.",Análise,2026-04-29T19:41:08+00:00,Combustão,Combustão/Híbrido,conhecemos tank flex destaque gwm durante agrishow suv medio grande agora abastecido etanol potencia muda confira detalhes motorizacao,18,18,3
https://motor1.uol.com.br/news/794454/mercedesbenz-gla-glb-night-edition/,Mercedes-Benz oficializa chegada dos GLA e GLB Night Edition,"Mercedes-Benz lança série Night Edition para SUVs GLA 200 e GLB 220 no Brasil. Confira o visual, as novas cores e os detalhes técnicos de cada modelo.",Análise,2026-04-29T16:49:53+00:00,Geral,Geral,mercedes benz oficializa chegada gla glb night edition mercedes benz lanca serie night edition suvs gla glb confira visual novas cores detalhes tecnicos cada,24,18,1
https://motor1.uol.com.br/news/794441/bmw-brasil-confirma-m4-competition/,BMW confirma M4 Competition no Brasil ainda no primeiro semestre,"A BMW confirmou a chegada do M4 Competition ao Brasil no primeiro semestre de 2026. Cupê tem motor biturbo de 510 cv, 66,2 kgfm e faz 0-100 km/h em 3,9s.",Análise,2026-04-29T15:11:16+00:00,Geral,Geral,bmw confirma competition ainda primeiro semestre bmw confirmou chegada competition primeiro semestre cupe biturbo kgfm faz,16,12,4
https://motor1.uol.com.br/news/794430/mais-vendidos-abril-previa-fenabrave-brasil/,Mais vendidos: Fiat Strada lidera abril e BYD Dolphin Mini avança,"Prévia da Fenabrave até dia 28 mostra Polo na liderança, Strada isolada e avanço do Dolphin Mini entre os mais vendidos.",Análise,2026-04-29T13:53:06+00:00,Elétrico,Elétrico,vendidos fiat strada lidera abril byd dolphin mini avanca previa fenabrave dia mostra polo lideranca strada isolada avanco dolphin mini vendidos,21,17,2
https://motor1.uol.com.br/news/794354/hyundai-ioniq-v-seda-pequim/,Hyundai Ioniq V: um sedã de outro planeta para conquistar o mercado chinês,"Conheça o Ioniq V, o sedã elétrico da Hyundai que parou o Salão de Pequim. Com visual de Lamborghini e 600 km de autonomia, ele é aposta para vencer a BYD.",Análise,2026-04-29T12:01:19+00:00,Elétrico,Elétrico,hyundai ioniq seda outro planeta conquistar chines conheca ioniq seda eletrico hyundai parou salao pequim visual lamborghini autonomia aposta vencer byd,21,18,1
https://motor1.uol.com.br/news/794353/vw-idpolo-lancamento-europa-eletrico/,Volkswagen ID. Polo 2027: ,"Com interior focado na usabilidade e visual retrô, hatch elétrico prova que a VW consegue encarar rivais chineses, mas modelo não deve chegar ao Brasil.",Análise,2026-04-29T10:01:05+00:00,Elétrico,Elétrico,volkswagen polo interior focado usabilidade visual retro hatch eletrico prova consegue encarar rivais chineses deve chegar,16,16,2
https://motor1.uol.com.br/news/794351/omoda-jaecoo-producao-nacional-2027/,Omoda & Jaecoo quer produzir no Brasil em 2027; Omoda 5 e Jaecoo 5 cotados,"Omoda & Jaecoo planeja produzir no Brasil em 2027, com Omoda 5 e Jaecoo 5 cotados. Fábrica será em Itatiaia (RJ), ex-Jaguar Land Rover.",Análise,2026-04-28T23:22:12+00:00,Geral,Geral,omoda jaecoo quer produzir omoda jaecoo cotados omoda jaecoo planeja produzir omoda jaecoo cotados fabrica itatiaia jaguar land rover,19,11,2
https://motor1.uol.com.br/news/794339/chevrolet-s10-trail-boss-trailblazer-midnight-agrishow-2026/,Chevrolet lança S10 Trail Boss e Trailblazer Midnight na Agrishow 2026,"Com suspensão Ironman e visual estilizado, picape média e SUV de 7 lugares estreiam novas versões com proposta fora-de-estrada na maior feira agro do País.",Análise,2026-04-28T21:30:00+00:00,Geral,Geral,chevrolet lanca trail boss trailblazer midnight agrishow suspensao ironman visual estilizado picape media suv lugares estreiam novas proposta estrada maior feira agro pais,23,23,5
https://motor1.uol.com.br/news/794299/gwm-haval-h7-tank-400-novos-suvs-brasil/,GWM planeja lançar dois SUVs inéditos no Brasil ainda em 2026,Haval H7 e Tank 400 chegam no segundo semestre para ampliar portfólio da marca chinesa e atacar desde a faixa dos R$ 300 mil até o território premium.,Análise,2026-04-28T19:00:00+00:00,Geral,Geral,gwm planeja lancar dois suvs ineditos ainda haval tank chegam segundo semestre ampliar portfolio chinesa atacar desde faixa mil territorio premium,21,21,3
https://motor1.uol.com.br/news/794230/byd-denza-picape-caminhao-agrishow/,"BYD mostra picape Mako, esportivo da Denza e caminhão na Agrishow 2026",BYD apresenta o protótipo da picape Mako e a marca premium Denza na Agrishow 2026. Veja também o preço especial da Shark para produtores rurais.,Análise,2026-04-28T17:26:47+00:00,Elétrico,Elétrico,byd mostra picape mako esportivo denza caminhao agrishow byd apresenta prototipo picape mako premium denza agrishow especial shark produtores rurais,20,15,5
https://motor1.uol.com.br/news/794229/mitsubishi-lanca-triton2027-especial-terra/,Mitsubishi Triton Terra 2027 resgata série especial com foco no agro de luxo,"Com apenas 300 unidades, edição limitada aposta em acabamento bicolor e caçamba com revestimento em poliureia.",Análise,2026-04-28T12:00:00+00:00,Geral,Geral,mitsubishi triton terra resgata serie especial foco agro luxo apenas edicao limitada aposta acabamento bicolor cacamba revestimento poliureia,18,18,5
https://motor1.uol.com.br/news/794224/honda-lanca-nova-pop-2027/,"Nova Honda Pop 110i 2027 segue Biz, perde freio no pé e muda visual pela primeira vez desde 2007","Moto mais barata da marca, Honda Pop já passou das 2,2 mi unidades produzidas e se renova após quase duas décadas, seguindo estratégia da Biz.",Análise,2026-04-28T11:07:57+00:00,Geral,Geral,honda pop segue biz perde freio muda visual primeira vez desde moto barata honda pop passou produzidas renova apos quase duas decadas seguindo estrategia biz,25,22,3
https://motor1.uol.com.br/news/794225/vendas-alemanha-tesla-lider-ranking/,Alemanha em março: VW lidera e Tesla Model Y é o 2º mais vendido,"Ranking dos carros mais vendidos da Alemanha mostra preferência por marcas locais, com ampla liderança da Volkswagen; mas a Tesla quadruplicou vendas.",Análise,2026-04-28T10:00:00+00:00,Elétrico,Elétrico,alemanha marco lidera tesla model vendido ranking vendidos alemanha mostra preferencia locais ampla lideranca volkswagen tesla quadruplicou,17,15,4
https://motor1.uol.com.br/news/794087/jaecoo-5-brasil-data-preco/,Novo Jaecoo 5 chega ao Brasil em julho e preço pode partir de R$ 150 mil,Novo SUV da Omoda & Jaecoo será híbrido e poderá oferecer duas versões.,Análise,2026-04-27T22:52:19+00:00,Elétrico,Elétrico,jaecoo chega julho partir mil suv omoda jaecoo hibrido podera oferecer duas,12,11,5
https://motor1.uol.com.br/news/794082/novo-omoda-4-especificacoes-brasil/,Novo Omoda 4: o que traz o SUV mais barato da marca que chega ao Brasil ainda em 2026,"SUV de entrada da Omoda & Jaecoo, Omoda 4 segue visual ousado, mas com pacote mais simples para atuar abaixo do Omoda 5.",Análise,2026-04-26T18:41:29+00:00,Geral,Geral,omoda traz suv barato chega ainda suv entrada omoda jaecoo omoda segue visual ousado pacote simples atuar abaixo omoda,19,15,5
https://motor1.uol.com.br/news/794091/gwm-ora-03-reestilizado-china/,"Ora 03 reestilizado estreia em Pequim, mas Brasil terá antes o Ora 5","Hatch elétrico da GWM ganha mudanças discretas no visual e nova cabine, mas dará protagonismo ao inédito SUV Ora 5, que será feito no Brasil e chega antes.",Análise,2026-04-26T15:35:56+00:00,Elétrico,Elétrico,ora reestilizado estreia pequim antes ora hatch eletrico gwm ganha mudancas discretas visual cabine dara protagonismo inedito suv ora feito chega antes,22,19,3
https://motor1.uol.com.br/news/793910/geely-sistema-ihev-monjaro-china/,"irmão do Koleos, Geely Monjaro ganha novo sistema HEV de 45 km/l na China","SUV médio chinês dá boas dicas do que esperar para o Koleos nos próximos anos; veja como funciona o novo sistema I-HEV, capaz de rodar 45 km/l.",Análise,2026-04-26T15:00:00+00:00,Geral,Geral,irmao koleos geely monjaro ganha sistema hev china suv medio chines boas dicas esperar koleos proximos anos funciona sistema hev capaz rodar,22,19,2
https://motor1.uol.com.br/news/793911/chevrolet-tracker-hibrido-flex-segredo/,Segredo: Chevrolet Tracker será primeiro híbrido leve da marca no país,"A Chevrolet não se esqueceu de seus híbridos flex nacionais; o primeiro a chegar será o SUV compacto Tracker, que seguirá receita já vista nos Fiat e Jeep.",Análise,2026-04-26T14:00:00+00:00,Misto/Híbrido,Combustão/Híbrido,segredo chevrolet tracker primeiro hibrido leve pais chevrolet esqueceu hibridos flex nacionais primeiro chegar suv compacto tracker seguira receita vista fiat jeep,22,19,2
https://motor1.uol.com.br/news/794036/audi-q6-etron-2026-lancamento/,Novo Audi Q6 e-Tron 2026 está mais potente e parte de R$ 695.990,"O Audi Q6 e-tron 2026 chega ao Brasil com motor de 428 cv e aceleração de 0 a 100 km/h em 5,1s. Confira os preços; equipamentos e motorização do SUV.",Análise,2026-04-26T13:19:31+00:00,Geral,Geral,audi tron potente parte audi tron chega aceleracao confira equipamentos motorizacao suv,12,10,1
https://motor1.uol.com.br/news/793994/byd-confirma-novo-song-pro/,Oficial: BYD Song Pro flex chega em junho já de cara nova,Confirmado: o novo BYD Song Pro chega em junho com fabricação nacional em Camaçari e motor híbrido plug-in flex. Veja o que muda no SUV mais vendido da marca.,Análise,2026-04-25T13:44:41+00:00,Misto/Híbrido,Combustão/Híbrido,oficial byd song pro flex chega junho cara confirmado byd song pro chega junho fabricacao nacional camacari hibrido plug flex muda suv vendido,23,17,3
https://motor1.uol.com.br/news/794002/chery-confirma-exeed-no-brasil/,Mais uma: Chery confirma vinda da Exeed também para o Brasil,"O grupo Chery confirmou sua sexta marca no país, a Exeed; marca terá posicionamento premium e não deve ter laços com a Chery.",Análise,2026-04-25T13:13:45+00:00,Geral,Geral,chery confirma vinda exeed grupo chery confirmou sexta pais exeed posicionamento premium deve lacos chery,15,12,3
https://motor1.uol.com.br/news/794050/gwm-tank-300-hibrido-phev-flex-preco/,GWM Tank 300 2027 está nas lojas do Brasil com 1º sistema PHEV flex do mundo  ,"Jipe 4x4 chinês é o primeiro híbrido plug-in flex do mundo, com motor 2.0 turbo e sistema elétrico Hi4-T; tecnologia recebeu R$ 58,6 milhões de investimento.",Análise,2026-04-25T04:13:57+00:00,Misto/Híbrido,Combustão/Híbrido,gwm tank lojas sistema phev flex mundo jipe chines primeiro hibrido plug flex mundo turbo sistema eletrico tecnologia recebeu milhoes investimento,21,18,3
https://motor1.uol.com.br/news/794027/estreia-porsche-cayenne-coupe-electric/,Estreia mundial: Novo Porsche Cayenne Coupé Electric une luxo e 1.156 cv,"Novo Porsche Cayenne Coupé Electric tem até 1.156 cv, 1.500 Nm de torque, bateria de 113 kWh e estreia nova fase elétrica da marca; veja o vídeo.",Análise,2026-04-24T20:52:35+00:00,Misto/Híbrido,Combustão/Híbrido,estreia mundial porsche cayenne coupe electric une luxo porsche cayenne coupe electric torque bateria kwh estreia fase eletrica video,19,14,5
https://motor1.uol.com.br/news/794033/novo-gwm-ora-5-nacional/,Segredo: novo GWM Ora 5 será feito no Brasil com versões flex e híbridas,Novo GWM Ora 5 será produzido no Brasil com motor turbo flex e versões híbridas. SUV será destaque da fábrica de Aracruz.,Análise,2026-04-24T18:20:56+00:00,Combustão,Combustão/Híbrido,segredo gwm ora feito flex hibridas gwm ora produzido turbo flex hibridas suv destaque fabrica aracruz,16,12,3
https://motor1.uol.com.br/news/794017/mg4-urban-estreia-brasil-junho-producao/,MG4 Urban chega em junho e pode ser produzido no Brasil em 2026,"MG4 Urban chega ao Brasil em junho e pode ser produzido em 2026, com duas baterias e negociações em andamento no Ceará.",Análise,2026-04-24T17:45:00+00:00,Elétrico,Elétrico,urban chega junho produzido urban chega junho produzido duas baterias negociacoes andamento ceara,13,9,1
https://motor1.uol.com.br/news/794020/gwm-revela-tank-300-flex-brasil/,GWM Tank 300 será o primeiro híbrido flex da marca no Brasil,"Confira os detalhes do novo GWM Tank 300 PHEV flex. Com sistema feito pela engenharia brasileira, SUV estreia a tecnologia híbrida com etanol antes do Haval H6.",Análise,2026-04-24T16:45:36+00:00,Misto/Híbrido,Combustão/Híbrido,gwm tank primeiro hibrido flex confira detalhes gwm tank phev flex sistema feito engenharia brasileira suv estreia tecnologia hibrida etanol antes haval,22,19,3
https://motor1.uol.com.br/news/794013/yamaha-scotter-zr-hybrid-2026/,Yamaha lança ZR Hybrid Connected 2026 no Brasil por R$ 13.990,"Confira os detalhes da nova Yamaha ZR Hybrid Connected 2026. Com sistema híbrido leve (MHEV), pesa apenas 98 kg e chega com conectividade por R$ 13.990.",Análise,2026-04-24T16:07:44+00:00,Elétrico,Elétrico,yamaha lanca hybrid connected confira detalhes yamaha hybrid connected sistema hibrido leve mhev pesa apenas chega conectividade,17,14,1
https://motor1.uol.com.br/news/793989/byd-dolphin-hibrido-confirmado-2026-brasil/,BYD confirma Dolphin híbrido em 2026 e mantém King no Brasil,"BYD confirma Dolphin híbrido no Brasil e mantém o King, com produção local e expansão da linha no país.",Análise,2026-04-24T14:33:55+00:00,Elétrico,Elétrico,byd confirma dolphin hibrido mantem king byd confirma dolphin hibrido mantem king producao local expansao linha pais,17,11,4
https://motor1.uol.com.br/news/793933/omoda-jaecoo-brasil-carros-baratos/,"Com Omoda 4 e Jaecoo 5, marca da Chery terá SUVs ainda mais baratos em breve no Brasil","Durante o Salão de Pequim, Omoda & Jaecoo confirmou que já trabalha em carros menores e mais acessíveis que os vindouros Omoda 4 e Jaecoo 5.",Análise,2026-04-24T11:12:04+00:00,Geral,Geral,omoda jaecoo chery suvs ainda baratos breve durante salao pequim omoda jaecoo confirmou trabalha menores acessiveis vindouros omoda jaecoo,19,15,4
https://motor1.uol.com.br/news/793898/vendas-carros-china-mar%C3%A7o-2026/,Nissan Sentra garante 3º lugar entre mais vendidos na China em março,"Veja os carros mais vendidos da China em março de 2026. Tesla Model Y lidera, BYD volta ao topo e Nissan Sentra salta 25 posições para garantir o 3º lugar.",Análise,2026-04-24T11:01:11+00:00,Elétrico,Elétrico,nissan sentra garante lugar vendidos china marco vendidos china marco tesla model lidera byd volta topo nissan sentra salta posicoes garantir lugar,22,16,4
https://motor1.uol.com.br/news/793921/nissan-nx8-dongfeng-no-brasil/,"Nissan NX8, SUV chinês feito com a Dongfeng, estreia em Pequim e vem ao Brasil","SUV da Nissan feito com a Dongfeng aposta em versão elétrica e REEV para enfrentar BYD e GWM no Brasil; NX8 combina luxo, tecnologia e 1.450 km de autonomia.",Análise,2026-04-24T04:40:09+00:00,Elétrico,Elétrico,nissan suv chines feito dongfeng estreia pequim vem suv nissan feito dongfeng aposta eletrica reev enfrentar byd gwm combina luxo tecnologia autonomia,22,18,3
https://motor1.uol.com.br/news/793897/jetour-novo-suv-phev-brasil/,Jetour terá SUV PHEV contra Haval H6 e Song Plus no Brasil,"Chamado de X70L na China, novo SUV híbrido tem 4,81 m de comprimento e versões de 6 ou 7 lugares; sistema PHEV tem 360 cv e supera 800 km de alcance.",Análise,2026-04-23T21:19:56+00:00,Elétrico,Elétrico,jetour suv phev contra haval song plus chamado china suv hibrido comprimento lugares sistema phev supera alcance,17,15,3
https://motor1.uol.com.br/news/793889/vw-revela-sistema-hibrido-pleno/,VW revela sistema híbrido que estará no futuro T-Cross,"Chegando primeiro ao Golf e ao T-Roc, novidade está ligada ao câmbio e será flex e bem mais potente do que o atual 1.4 TSI; confira os detalhes técnicos.",Análise,2026-04-23T18:35:49+00:00,Misto/Híbrido,Combustão/Híbrido,revela sistema hibrido estara futuro cross chegando primeiro golf roc novidade ligada cambio flex bem potente atual tsi confira detalhes tecnicos,21,21,3
https://motor1.uol.com.br/news/793866/jetour-g700-brasil-4x4-phev/,"Jetour G700, jipão que atravessou rio na China, é confirmado para o Brasil","Equipado com um poderoso sistema híbrido plug-in (PHEV) de 761 cv, Jetour G700 vai disputar vendas com conterrâneos Denza B5 e Tank 700.",Análise,2026-04-23T14:37:38+00:00,Elétrico,Elétrico,jetour jipao atravessou rio china confirmado equipado poderoso sistema hibrido plug phev jetour disputar conterraneos denza tank,17,16,3
